Date,Timestamp,Open,High,Low,Close,Volume
2015-04-01,00:00:00,1.75,1.75,1.55,1.55,5480
2015-04-07,00:00:00,1.3,1.3,1.3,1.3,100
2015-04-08,00:00:00,1.4,1.6,1.4,1.6,5600
2015-04-09,00:00:00,1.3,1.9,1.3,1.8,12640
2015-04-10,00:00:00,1.8,1.8,1.6,1.8,1560
2015-04-13,00:00:00,1.55,2.1,1.55,2.1,12000
2015-04-15,00:00:00,2.2,2.5,2.2,2.5,25100
2015-04-16,00:00:00,2.3,2.5,2.3,2.5,4070
2015-04-17,00:00:00,2.7,2.75,2.5,2.75,13800
2015-04-20,00:00:00,3.0,3.0,2.65,3.0,24780
2015-04-21,00:00:00,2.9,3.2,2.75,3.2,3010
2015-04-22,00:00:00,3.05,3.25,3.05,3.05,17060
2015-04-24,00:00:00,2.9,2.9,2.9,2.9,850
2015-04-30,00:00:00,3.0,3.0,3.0,3.0,200
2015-05-04,00:00:00,3.0,3.0,3.0,3.0,20
2015-05-20,00:00:00,2.85,3.0,2.85,3.0,3830
2015-05-26,00:00:00,2.85,2.85,2.85,2.85,500
2015-06-29,00:00:00,2.7,2.7,2.7,2.7,4000
2015-07-01,00:00:00,2.65,2.65,2.65,2.65,10
2015-07-03,00:00:00,2.55,2.55,2.55,2.55,10
2015-07-07,00:00:00,2.4,2.4,2.4,2.4,110
2015-07-09,00:00:00,2.3,2.3,2.3,2.3,1400
2015-07-14,00:00:00,2.25,2.25,2.2,2.2,1500
2015-07-16,00:00:00,2.1,2.1,2.05,2.05,2300
2015-07-27,00:00:00,2.0,2.0,2.0,2.0,18700
2015-07-29,00:00:00,2.1,2.1,2.1,2.1,100
2015-07-30,00:00:00,2.2,2.2,2.2,2.2,4600
2015-07-31,00:00:00,2.35,2.35,2.1,2.1,51020
2015-08-03,00:00:00,2.2,2.2,2.0,2.2,200
2015-08-04,00:00:00,2.3,2.3,2.3,2.3,2190
2015-08-05,00:00:00,2.4,2.4,2.2,2.2,12750
2015-08-06,00:00:00,2.1,2.15,2.1,2.15,2490
2015-08-07,00:00:00,2.05,2.25,2.05,2.25,6000
2015-08-13,00:00:00,2.15,2.35,2.15,2.35,2150
2015-08-18,00:00:00,2.45,2.45,2.45,2.45,110
2015-08-20,00:00:00,2.35,2.35,2.35,2.35,110
2015-08-21,00:00:00,2.25,2.25,2.2,2.2,6000
2015-08-25,00:00:00,2.1,2.1,2.1,2.1,25000
2015-08-26,00:00:00,2.2,2.2,2.2,2.2,2000
2015-08-31,00:00:00,2.1,2.1,2.1,2.1,1000
2015-09-01,00:00:00,2.0,2.0,2.0,2.0,3750
2015-09-02,00:00:00,1.9,1.9,1.9,1.9,3100
2015-09-08,00:00:00,1.8,1.8,1.8,1.8,3310
2015-09-09,00:00:00,1.7,1.9,1.7,1.75,9860
2015-09-10,00:00:00,1.7,1.8,1.7,1.75,2910
2015-09-11,00:00:00,1.8,1.8,1.65,1.65,8720
2015-09-14,00:00:00,1.75,1.75,1.75,1.75,50
2015-09-18,00:00:00,1.8,1.8,1.8,1.8,300
2015-09-24,00:00:00,1.9,1.9,1.9,1.9,39020
2015-09-28,00:00:00,1.9,2.0,1.8,1.8,8530
2015-09-29,00:00:00,1.9,1.9,1.75,1.8,5500
2015-09-30,00:00:00,1.7,1.7,1.7,1.7,12000
2015-10-01,00:00:00,1.65,1.65,1.6,1.6,7760
2015-10-15,00:00:00,1.55,1.7,1.55,1.7,10190
2015-10-29,00:00:00,1.75,1.75,1.6,1.75,1200
2015-11-20,00:00:00,1.65,1.65,1.65,1.65,100
2015-11-24,00:00:00,1.6,1.75,1.6,1.75,2880
2015-12-02,00:00:00,1.8,1.8,1.8,1.8,4000
2015-12-07,00:00:00,1.75,1.75,1.75,1.75,2020
2015-12-09,00:00:00,1.65,1.65,1.65,1.65,5500
2015-12-10,00:00:00,1.55,1.55,1.55,1.55,2000
2015-12-16,00:00:00,1.5,1.5,1.5,1.5,3000
2015-12-17,00:00:00,1.4,1.4,1.4,1.4,69360
2015-12-18,00:00:00,1.35,1.5,1.35,1.5,6080
2015-12-23,00:00:00,1.4,1.55,1.4,1.55,1060
2015-12-24,00:00:00,1.6,1.6,1.6,1.6,490
2016-01-04,00:00:00,1.65,1.65,1.65,1.65,1700
2016-01-06,00:00:00,1.65,1.75,1.55,1.7,1740
2016-01-07,00:00:00,1.75,1.75,1.75,1.75,1000
2016-01-22,00:00:00,1.8,1.8,1.8,1.8,4700
2016-01-25,00:00:00,1.85,1.9,1.85,1.9,4652430
2016-01-28,00:00:00,1.95,1.95,1.8,1.8,5500
2016-02-18,00:00:00,1.9,1.9,1.9,1.9,10
2016-03-02,00:00:00,1.8,1.8,1.8,1.8,5000
2016-03-03,00:00:00,1.8,1.8,1.8,1.8,1000
2016-03-04,00:00:00,1.9,1.9,1.9,1.9,2000
2016-03-30,00:00:00,1.9,1.9,1.8,1.8,6693830
2016-04-22,00:00:00,1.7,1.7,1.7,1.7,280
2016-05-10,00:00:00,1.7,1.7,1.7,1.7,5000
2016-05-25,00:00:00,1.6,1.6,1.6,1.6,200
2016-07-01,00:00:00,1.6,1.6,1.6,1.6,10
2016-08-04,00:00:00,1.55,1.55,1.55,1.55,1000
2016-08-05,00:00:00,1.45,1.55,1.45,1.55,1500
2016-08-08,00:00:00,1.5,1.6,1.5,1.6,3000
2016-08-10,00:00:00,1.55,1.55,1.55,1.55,1000
2016-08-12,00:00:00,1.45,1.45,1.45,1.45,7000
2016-08-17,00:00:00,1.4,1.4,1.4,1.4,1330
2016-08-23,00:00:00,1.3,1.3,1.3,1.3,1000
2016-08-30,00:00:00,1.25,1.4,1.25,1.4,2000
2016-08-31,00:00:00,1.3,1.3,1.3,1.3,280
2016-09-01,00:00:00,1.3,1.3,1.25,1.25,11900
2016-09-02,00:00:00,1.25,1.25,1.25,1.25,1610
2016-09-07,00:00:00,1.2,1.2,1.2,1.2,2840
2016-09-08,00:00:00,1.15,1.15,1.15,1.15,56400
2016-09-09,00:00:00,1.1,1.1,1.1,1.1,2120
2016-09-12,00:00:00,1.1,1.1,1.1,1.1,900
2016-09-16,00:00:00,1.05,1.05,1.05,1.05,9000
2016-09-22,00:00:00,1.1,1.1,1.0,1.0,1500
2016-09-26,00:00:00,0.95,0.95,0.95,0.95,15000
2016-09-29,00:00:00,0.95,0.95,0.95,0.95,500
2016-09-30,00:00:00,0.95,0.95,0.95,0.95,2050
2016-10-03,00:00:00,0.9,0.9,0.9,0.9,5801080
2016-10-14,00:00:00,0.9,0.9,0.9,0.9,2210
2016-10-17,00:00:00,0.95,0.95,0.95,0.95,10
2016-10-18,00:00:00,1.0,1.0,1.0,1.0,10000
2016-10-25,00:00:00,1.05,1.05,1.05,1.05,300
2016-10-26,00:00:00,1.1,1.1,1.1,1.1,10
2016-11-03,00:00:00,1.15,1.15,1.15,1.15,1000
2016-11-04,00:00:00,1.2,1.2,1.2,1.2,110
2016-11-07,00:00:00,1.25,1.25,1.25,1.25,10
2016-11-09,00:00:00,1.35,1.35,1.35,1.35,1000
2016-11-10,00:00:00,1.35,1.35,1.35,1.35,100
2016-11-15,00:00:00,1.4,1.4,1.4,1.4,56680
2016-11-17,00:00:00,1.4,1.4,1.35,1.35,13000
2016-11-18,00:00:00,1.3,1.4,1.3,1.3,7110
2016-11-21,00:00:00,1.25,1.25,1.25,1.25,10
2016-11-22,00:00:00,1.15,1.3,1.15,1.15,50
2016-11-28,00:00:00,1.3,1.3,1.3,1.3,1000
2017-01-05,00:00:00,1.3,1.35,1.25,1.35,3510
2017-01-16,00:00:00,1.35,1.35,1.35,1.35,10
2017-01-17,00:00:00,1.4,1.4,1.4,1.4,100
2017-01-18,00:00:00,1.5,1.5,1.5,1.5,10160
2017-01-20,00:00:00,1.55,1.55,1.55,1.55,6240
2017-01-23,00:00:00,1.65,1.65,1.65,1.65,1000
2017-01-27,00:00:00,1.65,1.65,1.65,1.65,1000
2017-01-30,00:00:00,1.65,1.65,1.55,1.55,2590
2017-01-31,00:00:00,1.65,1.65,1.5,1.5,4580
2017-02-01,00:00:00,1.5,1.55,1.4,1.55,6620
2017-02-02,00:00:00,1.5,1.65,1.5,1.5,6200
2017-02-03,00:00:00,1.5,1.5,1.5,1.5,1000
2017-02-06,00:00:00,1.45,1.45,1.45,1.45,25170
2017-02-07,00:00:00,1.5,1.5,1.5,1.5,4000
2017-02-08,00:00:00,1.55,1.55,1.4,1.55,104610
2017-02-09,00:00:00,1.65,1.65,1.65,1.65,5900
2017-02-10,00:00:00,1.75,1.75,1.75,1.75,20
2017-02-13,00:00:00,1.8,1.8,1.65,1.8,2550
2017-02-14,00:00:00,1.9,1.9,1.9,1.9,1560
2017-02-15,00:00:00,2.0,2.0,1.8,1.95,1140
2017-02-16,00:00:00,1.95,1.95,1.95,1.95,10
2017-02-20,00:00:00,1.85,1.85,1.85,1.85,3080
2017-02-21,00:00:00,1.75,1.75,1.75,1.75,5500
2017-02-22,00:00:00,1.75,1.75,1.75,1.75,2000
2017-02-23,00:00:00,1.7,1.7,1.65,1.65,250
2017-02-27,00:00:00,1.55,1.75,1.55,1.75,2030
2017-02-28,00:00:00,1.8,1.8,1.8,1.8,20
2017-03-01,00:00:00,1.7,1.7,1.7,1.7,1000
2017-03-02,00:00:00,1.8,1.8,1.65,1.65,3000
2017-03-03,00:00:00,1.55,1.55,1.55,1.55,1300
2017-03-06,00:00:00,1.5,1.5,1.5,1.5,500
2017-03-07,00:00:00,1.4,1.4,1.4,1.4,600
2017-03-08,00:00:00,1.35,1.35,1.35,1.35,15200
2017-03-09,00:00:00,1.35,1.4,1.35,1.35,17400
2017-03-10,00:00:00,1.4,1.4,1.3,1.3,55440
2017-03-14,00:00:00,1.3,1.3,1.3,1.3,52010
2017-03-15,00:00:00,1.25,1.25,1.25,1.25,5000
2017-03-16,00:00:00,1.35,1.35,1.35,1.35,10
2017-03-17,00:00:00,1.4,1.4,1.4,1.4,10
2017-03-20,00:00:00,1.45,1.45,1.45,1.45,14600
2017-03-21,00:00:00,1.5,1.55,1.5,1.5,400
2017-03-22,00:00:00,1.6,1.6,1.6,1.6,20
2017-03-24,00:00:00,1.5,1.6,1.5,1.6,10060
2017-03-27,00:00:00,1.6,1.6,1.6,1.6,4850
2017-03-29,00:00:00,1.6,1.7,1.6,1.7,220
2017-04-06,00:00:00,1.6,1.6,1.6,1.6,2300
2017-04-10,00:00:00,1.55,1.55,1.55,1.55,1000
2017-04-12,00:00:00,1.45,1.45,1.45,1.45,50
2017-04-13,00:00:00,1.4,1.4,1.4,1.4,4500
2017-04-17,00:00:00,1.3,1.3,1.3,1.3,6040
2017-04-18,00:00:00,1.35,1.35,1.25,1.25,20500
2017-04-19,00:00:00,1.2,1.2,1.2,1.2,7420
2017-04-20,00:00:00,1.15,1.25,1.15,1.25,11480
2017-04-21,00:00:00,1.35,1.35,1.35,1.35,10
2017-04-24,00:00:00,1.4,1.4,1.4,1.4,10
2017-04-25,00:00:00,1.45,1.45,1.45,1.45,10
2017-04-27,00:00:00,1.55,1.55,1.55,1.55,10
2017-05-03,00:00:00,1.5,1.5,1.45,1.45,4030
2017-05-09,00:00:00,1.4,1.4,1.4,1.4,10
2017-05-10,00:00:00,1.45,1.45,1.35,1.35,4040
2017-05-11,00:00:00,1.25,1.25,1.25,1.25,50
2017-05-12,00:00:00,1.2,1.2,1.2,1.2,410
2017-05-16,00:00:00,1.15,1.2,1.15,1.2,1790
2017-05-17,00:00:00,1.15,1.25,1.15,1.25,5200
2017-05-24,00:00:00,1.2,1.2,1.2,1.2,200
2017-05-31,00:00:00,1.25,1.25,1.25,1.25,9000
2017-06-01,00:00:00,1.3,1.3,1.3,1.3,2100
2017-06-02,00:00:00,1.4,1.4,1.4,1.4,1840
2017-06-05,10:00:00,1.45,1.45,1.45,1.45,7000
2017-06-14,00:00:00,1.45,1.45,1.45,1.45,5000
2017-06-15,00:00:00,1.5,1.5,1.5,1.5,5000
2017-06-16,00:00:00,1.55,1.55,1.55,1.55,10
2017-06-20,00:00:00,1.55,1.55,1.55,1.55,3000
2017-06-21,00:00:00,1.45,1.45,1.45,1.45,3000
2017-06-22,00:00:00,1.55,1.55,1.55,1.55,18370
2017-06-23,00:00:00,1.55,1.6,1.55,1.6,1900
2017-06-27,00:00:00,1.55,1.7,1.55,1.55,3550
2017-06-29,00:00:00,1.45,1.45,1.45,1.45,2000
2017-06-30,00:00:00,1.4,1.55,1.4,1.4,3010
2017-07-11,00:00:00,1.6,1.6,1.45,1.45,5240
2017-07-13,00:00:00,1.4,1.4,1.4,1.4,4000
2017-07-17,00:00:00,1.4,1.4,1.4,1.4,14000
2017-07-18,00:00:00,1.4,1.4,1.4,1.4,1000
2017-07-19,00:00:00,1.45,1.45,1.45,1.45,100
2017-07-20,00:00:00,1.45,1.45,1.45,1.45,300
2017-07-21,00:00:00,1.4,1.45,1.4,1.45,11290
2017-07-31,00:00:00,1.45,1.45,1.35,1.35,2000
2017-08-01,00:00:00,1.3,1.3,1.3,1.3,1000
2017-08-04,00:00:00,1.25,1.25,1.25,1.25,1400
2017-08-09,00:00:00,1.2,1.2,1.2,1.2,150
2017-08-14,00:00:00,1.1,1.1,1.1,1.1,14500
2017-08-17,00:00:00,1.05,1.2,1.05,1.2,9000
2017-08-18,00:00:00,1.25,1.25,1.25,1.25,20500
2017-08-21,00:00:00,1.3,1.3,1.3,1.3,1000
2017-08-22,00:00:00,1.35,1.35,1.35,1.35,5000
2017-08-23,00:00:00,1.45,1.45,1.45,1.45,3000
2017-08-24,00:00:00,1.5,1.5,1.5,1.5,33440
2017-08-28,00:00:00,1.6,1.6,1.5,1.6,1680
2017-08-29,00:00:00,1.65,1.65,1.6,1.65,34580
2017-08-30,00:00:00,1.65,1.65,1.6,1.6,6000
2017-08-31,00:00:00,1.7,1.7,1.7,1.7,3000
2017-09-01,00:00:00,1.75,1.75,1.75,1.75,1800
2017-09-08,00:00:00,1.8,1.8,1.8,1.8,60
2017-09-12,00:00:00,1.8,1.8,1.8,1.8,1000
2017-09-13,00:00:00,1.8,1.8,1.8,1.8,2000
2017-09-22,00:00:00,1.9,1.9,1.9,1.9,20000
2017-09-25,00:00:00,1.9,2.0,1.9,2.0,2400
2017-09-26,00:00:00,2.1,2.1,2.1,2.1,9210
2017-09-29,00:00:00,2.2,2.2,2.2,2.2,19500
2017-10-03,11:00:00,2.2,2.2,2.1,2.1,980
2017-10-11,00:00:00,2.1,2.2,2.1,2.2,7160
2017-10-16,00:00:00,2.2,2.2,2.2,2.2,5000
2017-10-17,00:00:00,2.2,2.2,2.2,2.2,3600
2017-10-31,00:00:00,2.2,2.2,2.2,2.2,500
2017-11-02,00:00:00,2.2,2.2,2.2,2.2,110
2017-11-03,00:00:00,2.2,2.2,2.2,2.2,980
2017-11-10,00:00:00,2.2,2.2,2.2,2.2,520
2017-11-13,00:00:00,2.1,2.2,2.1,2.2,40750
2017-11-16,00:00:00,2.25,2.3,2.25,2.3,75800
2017-11-20,00:00:00,2.2,2.2,2.2,2.2,2000
2017-11-21,00:00:00,2.1,2.3,2.1,2.3,2010
2017-11-22,00:00:00,2.15,2.15,2.15,2.15,50
2017-11-24,00:00:00,2.05,2.05,2.05,2.05,10000
2017-11-27,00:00:00,1.95,1.95,1.95,1.95,13010
2017-11-29,00:00:00,1.85,1.85,1.85,1.85,70
2017-11-30,00:00:00,1.8,1.8,1.8,1.8,500
2017-12-05,00:00:00,1.7,1.7,1.7,1.7,1000
2017-12-06,00:00:00,1.6,1.6,1.6,1.6,500
2017-12-11,00:00:00,1.55,1.55,1.55,1.55,1350
2017-12-19,00:00:00,1.45,1.45,1.45,1.45,2410
2017-12-21,00:00:00,1.45,1.45,1.45,1.45,9000
2017-12-26,00:00:00,1.45,1.45,1.45,1.45,2500
2017-12-27,00:00:00,1.4,1.4,1.4,1.4,1450
2017-12-29,00:00:00,1.35,1.35,1.35,1.35,150
2018-01-03,00:00:00,1.35,1.35,1.35,1.35,2500
2018-01-05,00:00:00,1.3,1.3,1.3,1.3,13200
2018-01-09,00:00:00,1.35,1.35,1.35,1.35,10
2018-01-10,00:00:00,1.35,1.4,1.35,1.4,2510
2018-01-11,00:00:00,1.5,1.5,1.5,1.5,1000
2018-01-12,00:00:00,1.55,1.55,1.55,1.55,7010
2018-01-15,00:00:00,1.65,1.65,1.65,1.65,5010
2018-01-16,00:00:00,1.7,1.7,1.7,1.7,5938210
2018-01-17,00:00:00,1.8,1.8,1.8,1.8,4685000
2018-01-18,00:00:00,1.9,1.9,1.9,1.9,2500
2018-01-19,00:00:00,2.0,2.0,2.0,2.0,3050
2018-01-22,00:00:00,2.1,2.1,2.1,2.1,1509910
2018-01-23,00:00:00,2.2,2.2,2.2,2.2,7500
2018-01-24,00:00:00,2.3,2.3,2.3,2.3,54510
2018-01-25,00:00:00,2.4,2.4,2.4,2.4,500
2018-01-29,00:00:00,2.5,2.5,2.5,2.5,1860
2018-01-30,00:00:00,2.55,2.55,2.55,2.55,85570
2018-01-31,00:00:00,2.55,2.55,2.55,2.55,5000
2018-02-01,00:00:00,2.55,2.55,2.55,2.55,310
2018-02-02,00:00:00,2.55,2.55,2.55,2.55,15200
2018-02-05,00:00:00,2.55,2.55,2.5,2.55,69860
2018-02-06,00:00:00,2.55,2.55,2.55,2.55,12480
2018-02-07,00:00:00,2.55,2.55,2.55,2.55,10030
2018-02-08,00:00:00,2.55,2.55,2.55,2.55,1000
2018-02-09,00:00:00,2.55,2.55,2.55,2.55,1000
2018-02-14,00:00:00,2.55,2.55,2.55,2.55,1000
2018-02-15,00:00:00,2.55,2.55,2.55,2.55,1000
2018-02-16,00:00:00,2.55,2.55,2.55,2.55,3000
2018-02-19,00:00:00,2.55,2.55,2.55,2.55,3000
2018-02-21,00:00:00,2.55,2.55,2.55,2.55,1000
2018-02-27,00:00:00,2.55,2.55,2.55,2.55,7000
2018-03-05,00:00:00,2.55,2.55,2.55,2.55,780
2018-03-06,00:00:00,2.55,2.55,2.55,2.55,10
2018-03-07,00:00:00,2.55,2.55,2.55,2.55,1200
2018-03-12,00:00:00,2.55,2.55,2.55,2.55,820
2018-03-13,00:00:00,2.55,2.55,2.55,2.55,240
2018-03-19,00:00:00,2.55,2.55,2.55,2.55,750
2018-03-20,00:00:00,2.55,2.55,2.55,2.55,3500
2018-03-23,00:00:00,2.55,2.55,2.55,2.55,4200
2018-03-28,00:00:00,2.55,2.55,2.55,2.55,6750
2018-04-02,00:00:00,2.6,2.6,2.6,2.6,500
2018-04-03,00:00:00,2.65,2.65,2.65,2.65,3000
2018-04-04,00:00:00,2.7,2.7,2.7,2.7,500
2018-04-05,00:00:00,2.75,2.75,2.75,2.75,2250
2018-04-06,00:00:00,2.9,2.9,2.9,2.9,1000
2018-04-09,00:00:00,3.0,3.0,3.0,3.0,2430
2018-04-10,00:00:00,3.15,3.15,3.15,3.15,17700
2018-04-11,00:00:00,3.3,3.3,3.3,3.3,4330
2018-04-12,00:00:00,3.5,3.5,3.5,3.5,1870
2018-04-13,00:00:00,3.65,3.65,3.65,3.65,20120
2018-04-16,00:00:00,3.85,3.85,3.85,3.85,78800
2018-04-17,00:00:00,4.0,4.0,4.0,4.0,55760
2018-04-18,00:00:00,4.0,4.05,3.85,4.0,38770
2018-04-19,00:00:00,4.05,4.05,3.8,3.85,7130
2018-04-20,00:00:00,4.0,4.05,3.65,4.05,24860
2018-04-23,00:00:00,4.05,4.05,3.85,4.0,5200
2018-04-24,00:00:00,3.8,3.95,3.8,3.8,7400
2018-04-25,00:00:00,3.6,3.6,3.6,3.6,11410
2018-04-26,00:00:00,3.45,3.8,3.45,3.6,18440
2018-04-27,00:00:00,3.45,3.45,3.45,3.45,3000
2018-04-30,00:00:00,3.45,3.45,3.45,3.45,500
2018-05-02,10:00:00,3.6,3.6,3.3,3.3,5050
2018-05-08,00:00:00,3.45,3.5,3.2,3.5,6000
2018-05-09,00:00:00,3.3,3.65,3.3,3.65,1010
2018-05-10,00:00:00,3.85,3.85,3.8,3.85,16750
2018-05-11,00:00:00,4.0,4.0,4.0,4.0,9000
2018-05-14,00:00:00,4.2,4.2,4.2,4.2,38720
2018-05-15,00:00:00,4.4,4.4,4.4,4.4,38860
2018-05-16,00:00:00,4.6,4.6,4.4,4.6,34650
2018-05-17,00:00:00,4.6,4.6,4.35,4.35,22280
2018-05-18,00:00:00,4.6,4.6,4.25,4.3,109510
2018-05-21,00:00:00,4.4,4.65,4.4,4.4,14000
2018-05-22,00:00:00,4.4,4.4,4.2,4.2,9650
2018-05-23,00:00:00,4.2,4.2,4.2,4.2,10
2018-05-25,00:00:00,4.0,4.4,4.0,4.4,28420
2018-05-28,00:00:00,4.65,4.65,4.65,4.65,250
2018-05-29,00:00:00,4.6,4.85,4.6,4.85,23600
2018-05-30,00:00:00,5.1,5.1,4.6,5.1,32790
2018-05-31,00:00:00,5.35,5.35,5.35,5.35,150950
2018-06-01,00:00:00,5.6,5.6,5.5,5.6,73600
2018-06-04,00:00:00,5.9,5.9,5.9,5.9,2010
2018-06-05,00:00:00,6.2,6.2,5.7,5.9,80220
2018-06-06,00:00:00,5.95,6.1,5.6,6.05,61270
2018-06-07,00:00:00,6.25,6.35,6.2,6.35,71100
2018-06-08,00:00:00,6.6,6.65,6.6,6.65,58600
2018-06-11,00:00:00,7.0,7.0,7.0,7.0,63350
2018-06-12,00:00:00,7.35,7.35,7.35,7.35,7260
2018-06-13,00:00:00,7.7,7.7,7.7,7.7,2320
2018-06-14,00:00:00,7.85,7.85,7.55,7.85,93690
2018-06-15,00:00:00,8.0,8.0,7.7,7.8,33880
2018-06-18,00:00:00,7.65,7.9,7.65,7.9,36540
2018-06-19,00:00:00,7.85,7.85,7.75,7.75,680
2018-06-20,00:00:00,7.6,7.6,7.6,7.6,2150
2018-06-21,00:00:00,7.45,7.6,7.45,7.6,60300
2018-06-22,00:00:00,7.35,7.35,7.35,7.35,54420
2018-06-25,00:00:00,7.2,7.45,7.2,7.2,50630
2018-06-26,00:00:00,7.2,7.2,7.05,7.05,1170
2018-06-27,00:00:00,6.9,7.05,6.9,6.9,45200
2018-06-28,00:00:00,6.85,7.1,6.85,7.0,42840
2018-06-29,00:00:00,7.0,7.0,7.0,7.0,18450
2018-07-02,00:00:00,7.0,7.1,7.0,7.0,9150
2018-07-03,00:00:00,7.1,7.1,7.0,7.0,20220
2018-07-04,00:00:00,7.0,7.0,7.0,7.0,6530
2018-07-05,00:00:00,7.0,7.0,7.0,7.0,5000
2018-07-06,00:00:00,7.0,7.0,7.0,7.0,1500
2018-07-09,00:00:00,7.1,7.15,7.0,7.0,8050
2018-07-10,00:00:00,7.0,7.1,7.0,7.0,21000
2018-07-11,00:00:00,7.0,7.0,7.0,7.0,17100
2018-07-12,00:00:00,7.0,7.15,7.0,7.0,7340
2018-07-13,00:00:00,7.0,7.0,7.0,7.0,3050
2018-07-16,00:00:00,6.95,6.95,6.85,6.85,10750
2018-07-17,00:00:00,6.9,6.9,6.9,6.9,7000
2018-07-18,00:00:00,6.9,6.9,6.9,6.9,40
2018-07-20,00:00:00,7.05,7.05,7.05,7.05,500
2018-07-24,00:00:00,7.05,7.05,6.9,6.9,16500
2018-07-25,00:00:00,6.8,6.8,6.8,6.8,4820
2018-07-26,00:00:00,6.65,6.65,6.65,6.65,2000
2018-07-27,00:00:00,6.65,6.65,6.5,6.55,2300
2018-07-30,00:00:00,6.45,6.45,6.45,6.45,1000
2018-07-31,00:00:00,6.5,6.5,6.5,6.5,4000
2018-08-01,00:00:00,6.5,6.5,6.35,6.35,1600
2018-08-02,00:00:00,6.25,6.35,6.25,6.35,8980
2018-08-03,00:00:00,6.3,6.3,6.3,6.3,3030
2018-08-06,00:00:00,6.3,6.3,6.3,6.3,1200
2018-08-07,00:00:00,6.25,6.25,6.25,6.25,4000
2018-08-08,00:00:00,6.25,6.25,6.25,6.25,390
2018-08-09,00:00:00,6.55,6.55,6.3,6.3,3080
2018-08-10,00:00:00,6.6,6.6,6.3,6.3,50
2018-08-13,00:00:00,6.6,6.6,6.6,6.6,1070
2018-08-16,00:00:00,6.7,6.7,6.7,6.7,7500
2018-08-20,00:00:00,6.7,6.7,6.7,6.7,600
2018-08-21,00:00:00,6.7,6.7,6.7,6.7,5000
2018-08-24,00:00:00,6.7,6.7,6.7,6.7,376450
2018-08-27,00:00:00,6.9,6.9,6.35,6.35,52550
2018-08-28,00:00:00,6.3,6.7,6.1,6.7,104170
2018-08-29,00:00:00,6.3,6.35,6.25,6.3,150500
2018-08-30,00:00:00,6.3,6.35,6.25,6.35,30470
2018-08-31,00:00:00,6.35,6.35,6.25,6.25,51730
2018-09-03,00:00:00,6.25,6.5,6.25,6.5,53010
2018-09-04,00:00:00,6.85,6.85,6.55,6.55,53490
2018-09-05,00:00:00,6.5,6.9,6.5,6.8,53520
2018-09-06,00:00:00,6.8,6.8,6.5,6.5,11500
2018-09-07,00:00:00,6.5,6.5,6.5,6.5,500
2018-09-11,00:00:00,6.8,6.8,6.4,6.4,1050
2018-09-12,00:00:00,6.4,6.7,6.4,6.7,14800
2018-09-14,00:00:00,6.9,6.9,6.25,6.9,4710
2018-09-17,00:00:00,6.9,7.2,6.9,7.2,16890
2018-09-18,00:00:00,7.55,7.55,7.5,7.5,2300
2018-09-19,00:00:00,7.85,7.85,7.2,7.3,9580
2018-09-21,00:00:00,7.5,7.5,7.2,7.2,1240
2018-09-24,00:00:00,7.2,7.2,7.0,7.2,2450
2018-09-25,00:00:00,7.05,7.05,7.05,7.05,4250
2018-09-26,00:00:00,7.05,7.05,7.05,7.05,8380
2018-09-27,00:00:00,7.0,7.0,7.0,7.0,2000
2018-09-28,00:00:00,7.35,7.35,7.35,7.35,110
2018-10-03,00:00:00,6.95,6.95,6.95,6.95,2250
2018-10-04,00:00:00,7.3,7.3,7.1,7.1,8700
2018-10-05,00:00:00,7.45,7.45,7.45,7.45,500
2018-10-08,00:00:00,7.45,7.45,7.45,7.45,100
2018-10-09,00:00:00,7.4,7.4,7.4,7.4,100
2018-10-10,00:00:00,7.4,7.4,7.4,7.4,1840
2018-10-12,00:00:00,6.65,6.65,6.65,6.65,100
2018-10-15,00:00:00,6.65,6.7,6.65,6.7,2000
2018-10-16,00:00:00,6.05,7.3,6.05,7.3,5110
2018-10-17,00:00:00,7.5,7.5,6.8,7.45,13100
2018-10-19,00:00:00,6.55,7.5,6.55,7.4,2090
2018-10-22,00:00:00,6.1,6.7,6.0,6.7,13530
2018-10-24,00:00:00,6.05,6.8,6.0,6.7,6740
2018-10-25,00:00:00,6.05,6.05,6.05,6.05,150
2018-10-29,00:00:00,6.6,6.6,6.6,6.6,500
2018-10-30,00:00:00,6.5,6.5,6.5,6.5,250
2018-10-31,00:00:00,6.5,6.5,6.5,6.5,500
2018-11-01,00:00:00,6.4,6.5,6.4,6.5,5010
2018-11-02,00:00:00,7.1,7.1,6.1,6.5,4930
2018-11-05,00:00:00,6.5,6.5,6.5,6.5,50
2018-11-06,00:00:00,5.85,6.4,5.85,6.4,1620
2018-11-07,00:00:00,7.0,7.0,7.0,7.0,790
2018-11-09,00:00:00,6.35,7.5,6.35,7.5,3390
2018-11-12,00:00:00,7.8,7.8,7.2,7.75,9050
2018-11-13,00:00:00,7.2,7.2,7.2,7.2,3270
2018-11-14,00:00:00,7.5,7.5,6.5,6.5,21090
2018-11-15,00:00:00,6.1,6.1,6.1,6.1,10
2018-11-16,00:00:00,5.8,5.8,5.5,5.5,5250
2018-11-19,00:00:00,5.25,5.25,5.25,5.25,2500
2018-11-20,00:00:00,5.0,5.5,5.0,5.1,30000
2018-11-21,00:00:00,5.1,5.3,4.85,5.0,24000
2018-11-26,00:00:00,5.1,5.1,5.1,5.1,40
2018-11-27,00:00:00,4.85,5.35,4.85,5.35,30
2018-11-28,00:00:00,5.35,5.35,5.35,5.35,2500
2018-12-03,00:00:00,5.6,5.6,5.1,5.1,20
2018-12-04,00:00:00,5.1,5.1,5.1,5.1,1030
2018-12-07,00:00:00,5.0,5.0,5.0,5.0,1000
2018-12-10,00:00:00,5.0,5.0,5.0,5.0,1000
2018-12-12,00:00:00,5.25,5.25,5.25,5.25,250
2018-12-13,00:00:00,5.25,5.25,5.25,5.25,200
2018-12-14,00:00:00,5.0,5.0,5.0,5.0,200
2018-12-18,00:00:00,5.25,5.25,5.25,5.25,100
2018-12-19,00:00:00,5.0,5.0,5.0,5.0,100
2018-12-21,00:00:00,5.0,5.0,5.0,5.0,10000
2018-12-24,00:00:00,5.25,5.25,5.0,5.0,110
2018-12-26,00:00:00,5.3,5.3,5.0,5.0,210
2018-12-28,00:00:00,5.0,5.0,5.0,5.0,1000
2018-12-31,00:00:00,5.0,5.0,5.0,5.0,1000
2019-01-02,00:00:00,5.0,5.0,5.0,5.0,200
2019-01-03,00:00:00,5.0,5.0,5.0,5.0,100
2019-01-04,00:00:00,5.0,5.0,5.0,5.0,200
2019-01-07,00:00:00,5.25,5.25,5.25,5.25,10
2019-01-08,00:00:00,5.25,5.25,5.25,5.25,10
2019-01-16,00:00:00,5.5,5.5,5.5,5.5,10
2019-01-17,00:00:00,5.5,5.5,5.5,5.5,520
2019-01-18,00:00:00,5.7,5.7,5.7,5.7,1500
2019-01-21,00:00:00,5.7,5.7,5.7,5.7,100
2019-01-22,00:00:00,5.7,5.7,5.4,5.4,110
2019-01-23,00:00:00,5.2,5.2,5.15,5.15,50
2019-02-12,00:00:00,4.9,4.9,4.9,4.9,1000
2019-02-14,00:00:00,4.8,4.8,4.8,4.8,6000
2019-02-15,00:00:00,4.6,4.6,4.55,4.55,5500
2019-02-18,00:00:00,4.5,4.5,4.35,4.35,450
2019-02-19,00:00:00,4.1,4.1,4.1,4.1,350
2019-02-20,00:00:00,3.9,3.9,3.9,3.9,3100
2019-02-21,00:00:00,3.9,3.9,3.9,3.9,3300
2019-02-22,00:00:00,3.8,3.9,3.8,3.9,5000
2019-02-25,00:00:00,4.1,4.1,4.1,4.1,1520
2019-02-27,00:00:00,3.9,4.3,3.9,4.25,102510
2019-03-13,00:00:00,4.4,4.4,4.4,4.4,2500
2019-03-19,00:00:00,4.6,4.6,4.6,4.6,2000
2019-03-20,00:00:00,4.6,4.6,4.6,4.6,1000
2019-03-29,00:00:00,4.5,4.5,4.5,4.5,1000
2019-04-10,00:00:00,4.3,4.3,4.3,4.3,1000
2019-04-11,00:00:00,4.3,4.3,4.05,4.05,1060
2019-04-12,00:00:00,3.85,3.85,3.85,3.85,1500
2019-04-16,00:00:00,4.05,4.05,4.05,4.05,10
2019-05-07,00:00:00,4.25,4.25,4.0,4.0,1000
2019-05-08,00:00:00,4.2,4.2,3.8,4.15,330
2019-05-09,00:00:00,4.15,4.35,4.15,4.25,110
2019-05-10,00:00:00,4.35,4.35,4.35,4.35,30
2019-05-14,00:00:00,4.35,4.55,4.35,4.5,70
2019-05-16,00:00:00,4.75,4.75,4.7,4.7,40
2019-05-20,00:00:00,4.45,4.45,4.45,4.45,100
2019-05-21,00:00:00,4.7,4.7,4.7,4.7,10
2019-05-24,00:00:00,4.8,4.9,4.45,4.45,78520
2019-05-27,00:00:00,4.5,4.6,4.25,4.55,77390
2019-05-28,00:00:00,4.6,4.7,4.3,4.6,80320
2019-05-29,00:00:00,4.55,4.6,4.35,4.35,33010
2019-05-30,00:00:00,4.3,4.3,4.15,4.15,50890
2019-05-31,00:00:00,4.15,4.15,3.95,3.95,2310
2019-06-03,00:00:00,4.0,4.05,3.75,4.0,101530
2019-06-04,00:00:00,3.9,4.0,3.8,4.0,95880
2019-06-06,00:00:00,3.8,3.8,3.8,3.8,2850
2019-06-07,00:00:00,3.8,3.85,3.8,3.85,90900
2019-06-10,00:00:00,3.7,4.0,3.65,3.8,101920
2019-06-11,00:00:00,3.7,3.8,3.7,3.7,336430
2019-06-12,00:00:00,3.75,3.8,3.65,3.7,181340
2019-06-13,00:00:00,3.8,3.9,3.8,3.8,83340
2019-06-14,00:00:00,3.8,3.9,3.8,3.9,87510
2019-06-17,00:00:00,3.8,3.85,3.8,3.85,90800
2019-06-18,00:00:00,3.8,4.0,3.75,3.9,95960
2019-06-19,00:00:00,4.0,4.1,3.9,4.1,124140
2019-06-20,00:00:00,4.2,4.2,4.05,4.2,124810
2019-06-21,00:00:00,4.25,4.4,4.0,4.2,127820
2019-06-24,00:00:00,4.2,4.2,4.0,4.0,119050
2019-06-25,00:00:00,4.1,4.1,3.85,3.9,125390
2019-06-26,00:00:00,3.9,4.0,3.8,3.85,131860
2019-06-27,00:00:00,4.0,4.0,3.75,3.75,134650
2019-06-28,00:00:00,3.8,3.95,3.8,3.95,129640
2019-07-01,00:00:00,4.1,4.1,3.8,4.1,133770
2019-07-02,00:00:00,4.05,4.1,4.0,4.1,130030
2019-07-03,00:00:00,4.2,4.2,4.05,4.05,128410
2019-07-04,00:00:00,4.2,4.25,4.0,4.25,132270
2019-07-05,00:00:00,4.4,4.45,4.4,4.45,30
2019-07-08,00:00:00,4.65,4.65,4.65,4.65,10
2019-07-09,00:00:00,4.9,4.9,4.9,4.9,10
2019-07-10,00:00:00,5.1,5.1,5.1,5.1,20
2019-07-11,00:00:00,4.85,5.1,4.85,5.1,500
2019-07-12,00:00:00,4.85,4.85,4.85,4.85,140
2019-07-17,00:00:00,4.85,4.85,4.85,4.85,10
2019-07-18,00:00:00,5.1,5.1,5.1,5.1,10
2019-07-29,00:00:00,5.1,5.1,5.1,5.1,10
2019-08-16,00:00:00,5.3,5.3,5.3,5.3,10
2019-08-19,00:00:00,5.55,5.55,5.55,5.55,10
2019-08-20,00:00:00,5.85,5.85,5.8,5.8,30
2019-08-21,00:00:00,6.1,6.1,6.1,6.1,10
2019-08-22,00:00:00,6.3,6.3,6.3,6.3,10
2019-08-26,00:00:00,6.0,6.0,6.0,6.0,1580
2019-08-29,00:00:00,5.7,5.7,5.7,5.7,2000
2019-09-24,00:00:00,5.5,5.5,5.4,5.4,600
2019-10-24,00:00:00,5.15,5.15,5.15,5.15,10
2019-10-31,00:00:00,4.9,4.9,4.9,4.9,2000
2019-11-15,00:00:00,4.9,4.9,4.65,4.65,20
2019-11-18,00:00:00,4.4,4.4,4.4,4.4,10
2019-11-19,00:00:00,4.2,4.2,4.2,4.2,10
2019-11-20,00:00:00,4.0,4.4,4.0,4.4,560
2019-11-21,00:00:00,4.2,4.2,4.2,4.2,1150
2019-11-22,00:00:00,4.0,4.0,4.0,4.0,40
2019-11-25,00:00:00,3.8,3.9,3.8,3.8,6050
2019-11-26,00:00:00,3.9,3.9,3.6,3.6,5620
2019-11-27,00:00:00,3.45,3.45,3.45,3.45,1210
2019-11-28,00:00:00,3.35,3.35,3.3,3.3,2000
2019-11-29,00:00:00,3.35,3.45,3.1,3.1,4510
2019-12-02,00:00:00,3.25,3.25,3.25,3.25,12010
2019-12-10,00:00:00,3.4,3.4,3.1,3.4,260
2019-12-11,00:00:00,3.55,3.55,3.55,3.55,160
2019-12-12,00:00:00,3.75,3.75,3.7,3.7,1110
2019-12-13,00:00:00,3.55,3.55,3.55,3.55,280
2019-12-16,00:00:00,3.7,3.7,3.7,3.7,10
2019-12-17,00:00:00,3.9,3.9,3.9,3.9,140
2019-12-20,00:00:00,4.1,4.1,4.05,4.05,1130
2019-12-26,00:00:00,4.0,4.0,4.0,4.0,1000
2019-12-30,00:00:00,4.0,4.0,4.0,4.0,70
2019-12-31,00:00:00,3.95,3.95,3.95,3.95,20
2020-01-01,00:00:00,3.8,3.8,3.75,3.75,200
2020-01-02,00:00:00,3.75,3.75,3.75,3.75,10
2020-01-03,00:00:00,3.75,3.75,3.75,3.75,320
2020-01-07,00:00:00,3.75,3.75,3.75,3.75,500
2020-01-08,00:00:00,3.7,3.7,3.7,3.7,70
2020-01-10,00:00:00,3.75,3.75,3.75,3.75,10
2020-01-27,00:00:00,3.6,3.6,3.6,3.6,100
2020-02-19,00:00:00,3.6,3.8,3.6,3.8,20410
2020-02-20,00:00:00,3.8,3.95,3.8,3.95,53610
2020-02-24,00:00:00,4.0,4.1,4.0,4.1,26340
2020-02-25,00:00:00,4.1,4.1,4.1,4.1,14510
2020-02-26,00:00:00,4.3,4.3,4.3,4.3,21130
2020-02-27,00:00:00,4.3,4.3,4.3,4.3,520
2020-02-28,00:00:00,4.3,4.3,4.1,4.15,1510
2020-03-02,00:00:00,4.1,4.35,4.1,4.35,3000
2020-03-03,00:00:00,4.15,4.15,4.15,4.15,3100
2020-03-04,00:00:00,4.15,4.15,4.1,4.1,5010
2020-03-05,00:00:00,4.0,4.0,3.9,3.9,5990
2020-03-06,00:00:00,4.0,4.0,4.0,4.0,5000
2020-03-09,00:00:00,4.0,4.0,4.0,4.0,50
2020-03-11,00:00:00,3.9,3.9,3.9,3.9,2000
2020-03-18,00:00:00,3.7,3.7,3.7,3.7,100
2020-03-26,00:00:00,3.9,3.9,3.9,3.9,1000
2020-03-30,00:00:00,4.1,4.1,4.1,4.1,250
2020-03-31,00:00:00,4.2,4.2,4.2,4.2,500
2020-04-01,00:00:00,4.2,4.2,4.2,4.2,110
2020-04-03,00:00:00,4.2,4.2,4.2,4.2,250
2020-04-15,00:00:00,4.2,4.2,4.2,4.2,250
2020-04-16,00:00:00,4.15,4.15,4.15,4.15,250
2020-04-17,00:00:00,4.1,4.1,3.95,3.95,1200
2020-04-21,00:00:00,4.0,4.0,4.0,4.0,100
2020-04-23,00:00:00,4.0,4.0,4.0,4.0,50
2020-04-24,00:00:00,3.9,3.9,3.9,3.9,50
2020-04-27,00:00:00,3.9,3.9,3.9,3.9,100
2020-04-28,00:00:00,3.9,3.9,3.9,3.9,50
2020-04-29,00:00:00,3.9,3.9,3.9,3.9,50
2020-04-30,00:00:00,3.7,3.7,3.7,3.7,130
2020-05-12,00:00:00,3.55,3.55,3.55,3.55,10
2020-05-19,00:00:00,3.4,3.4,3.4,3.4,7750
2020-05-26,00:00:00,3.4,3.4,3.4,3.4,200
2020-06-02,00:00:00,3.3,3.3,3.3,3.3,60
2020-06-09,00:00:00,3.3,3.3,3.3,3.3,50
2020-06-10,00:00:00,3.3,3.3,3.3,3.3,250
2020-06-11,00:00:00,3.3,3.3,3.3,3.3,100
2020-06-12,00:00:00,3.3,3.45,3.3,3.45,600
2020-06-15,00:00:00,3.6,3.6,3.6,3.6,500
2020-06-16,00:00:00,3.6,3.6,3.6,3.6,20
2020-06-18,00:00:00,3.8,3.8,3.8,3.8,500
2020-06-19,00:00:00,3.95,3.95,3.85,3.85,260
2020-06-22,00:00:00,3.85,4.0,3.85,4.0,110
2020-06-23,00:00:00,4.0,4.0,4.0,4.0,1000
2020-06-24,00:00:00,3.95,4.1,3.95,4.1,5000
2020-06-30,00:00:00,3.9,3.9,3.9,3.9,4050
2020-07-02,00:00:00,3.9,3.9,3.8,3.9,10510
2020-07-03,00:00:00,3.9,4.1,3.7,4.1,43060
2020-07-06,00:00:00,4.0,4.0,4.0,4.0,100
2020-07-08,00:00:00,4.0,4.0,4.0,4.0,37960
2020-07-13,00:00:00,3.8,3.8,3.8,3.8,10
2020-07-15,00:00:00,3.6,3.6,3.6,3.6,150
2020-08-07,00:00:00,3.6,3.6,3.6,3.6,250
2020-08-10,00:00:00,3.5,3.5,3.5,3.5,200
2020-08-21,00:00:00,3.7,3.7,3.7,3.7,10
2020-08-24,00:00:00,3.85,3.85,3.7,3.7,10000
2020-08-25,00:00:00,3.7,3.7,3.7,3.7,10
2020-09-01,00:00:00,3.7,3.7,3.7,3.7,10
2020-09-21,00:00:00,3.7,3.7,3.7,3.7,10
2020-09-29,00:00:00,3.7,3.7,3.7,3.7,1000
2020-10-15,00:00:00,3.8,3.8,3.8,3.8,10
2020-10-20,00:00:00,3.75,3.75,3.75,3.75,12000
2020-10-21,00:00:00,3.6,3.8,3.6,3.8,20
2020-10-23,00:00:00,3.95,3.95,3.95,3.95,10
2020-10-26,00:00:00,3.8,3.8,3.8,3.8,710
2020-10-27,00:00:00,3.95,3.95,3.6,3.6,120
2020-10-28,00:00:00,3.75,3.75,3.4,3.45,170
2020-11-03,00:00:00,3.45,3.45,3.45,3.45,10
2020-11-06,00:00:00,3.3,3.3,3.3,3.3,290
2020-11-11,00:00:00,3.45,3.45,3.15,3.45,28410
2020-11-12,00:00:00,3.45,3.6,3.45,3.6,5000
2020-11-13,00:00:00,3.7,3.8,3.7,3.8,6540
2020-11-17,00:00:00,3.95,3.95,3.95,3.95,30950
2020-11-18,00:00:00,4.0,4.0,4.0,4.0,97550
2020-11-19,00:00:00,4.0,4.0,4.0,4.0,2300
2020-11-20,00:00:00,4.0,4.0,4.0,4.0,10000
2020-11-23,00:00:00,4.0,4.0,4.0,4.0,11960
2020-11-24,00:00:00,4.0,4.0,4.0,4.0,1000
2020-11-25,00:00:00,4.0,4.0,4.0,4.0,8480
2020-11-26,00:00:00,4.0,4.2,4.0,4.2,12000
2020-11-27,00:00:00,4.0,4.35,4.0,4.0,22160
2020-12-01,00:00:00,4.0,4.2,4.0,4.2,18020
2020-12-02,00:00:00,4.4,4.4,4.0,4.4,33560
2020-12-03,00:00:00,4.2,4.65,4.2,4.6,102720
2020-12-04,00:00:00,4.7,4.85,4.4,4.45,109460
2020-12-07,00:00:00,4.65,4.7,4.4,4.7,141210
2020-12-08,00:00:00,4.7,4.9,4.55,4.9,116930
2020-12-09,00:00:00,4.7,5.15,4.7,5.15,90080
2020-12-10,00:00:00,5.4,5.4,5.2,5.4,122410
2020-12-11,00:00:00,5.7,5.7,5.7,5.7,5000
2020-12-14,00:00:00,5.95,5.95,5.75,5.95,167800
2020-12-15,00:00:00,5.9,6.25,5.9,6.25,117060
2020-12-16,00:00:00,6.55,6.55,6.0,6.55,125390
2020-12-17,00:00:00,6.8,6.9,6.6,6.85,31240
2020-12-18,00:00:00,7.2,7.2,6.6,7.2,40070
2020-12-21,00:00:00,7.55,7.55,7.4,7.45,26630
2020-12-22,00:00:00,7.45,7.6,7.45,7.6,18040
2020-12-23,00:00:00,7.75,7.75,7.75,7.75,66860
2020-12-24,00:00:00,7.8,7.9,7.8,7.9,41570
2020-12-28,00:00:00,7.9,8.05,7.9,8.05,5960
2020-12-29,00:00:00,8.2,8.2,8.15,8.2,275380
2020-12-30,00:00:00,8.35,8.35,8.35,8.35,11030
2020-12-31,00:00:00,8.35,8.55,8.2,8.55,26190
2021-01-01,00:00:00,8.7,8.7,8.65,8.7,23250
2021-01-04,00:00:00,8.8,8.85,8.8,8.85,17410
2021-01-05,00:00:00,9.05,9.05,9.05,9.05,7010
2021-01-06,00:00:00,9.2,9.2,9.2,9.2,13700
2021-01-07,00:00:00,9.4,9.4,9.4,9.4,77550
2021-01-08,00:00:00,9.6,9.6,9.2,9.6,78240
2021-01-11,00:00:00,9.8,9.8,9.7,9.8,17300
2021-01-12,00:00:00,9.8,10.0,9.8,10.0,7490
2021-01-13,00:00:00,10.15,10.15,10.1,10.15,24500
2021-01-14,00:00:00,10.35,10.35,10.35,10.35,16010
2021-01-15,00:00:00,10.35,10.55,10.2,10.55,11050
2021-01-18,00:00:00,10.7,10.8,10.7,10.8,17500
2021-01-19,00:00:00,11.0,11.0,11.0,11.0,12990
2021-01-20,00:00:00,11.2,11.2,11.2,11.2,5730
2021-01-21,00:00:00,11.45,11.45,11.45,11.45,19370
2021-01-22,00:00:00,11.65,11.65,11.2,11.2,21550
2021-01-25,00:00:00,11.4,11.45,11.4,11.45,10310
2021-01-27,00:00:00,11.65,11.65,11.5,11.65,12550
2021-01-28,00:00:00,11.85,11.9,11.85,11.9,12490
2021-01-29,00:00:00,12.1,12.1,12.1,12.1,6640
2021-02-01,00:00:00,12.35,12.35,12.35,12.35,13050
2021-02-02,00:00:00,12.1,12.6,12.1,12.6,10310
2021-02-03,00:00:00,12.85,12.85,12.5,12.8,25830
2021-02-04,00:00:00,13.05,13.05,13.0,13.05,16190
2021-02-05,00:00:00,13.3,13.3,13.3,13.3,7200
2021-02-08,00:00:00,13.55,13.55,13.3,13.55,40220
2021-02-09,00:00:00,13.85,13.85,13.8,13.85,19160
2021-02-10,00:00:00,14.1,14.1,14.1,14.1,13410
2021-02-11,00:00:00,14.4,14.4,14.1,14.4,13960
2021-02-12,00:00:00,14.1,14.7,14.1,14.65,85770
2021-02-15,00:00:00,14.95,14.95,14.95,14.95,9540
2021-02-16,00:00:00,14.95,15.25,14.95,15.25,26820
2021-02-17,00:00:00,15.55,15.55,15.4,15.55,24930
2021-02-18,00:00:00,15.5,15.85,15.3,15.5,57880
2021-02-19,00:00:00,15.6,15.6,15.2,15.2,84800
2021-02-22,00:00:00,15.5,15.5,15.2,15.2,4650
2021-02-23,00:00:00,15.2,15.3,15.2,15.3,25710
2021-02-24,00:00:00,15.3,15.6,15.0,15.3,31500
2021-02-25,00:00:00,15.3,15.3,15.3,15.3,12130
2021-02-26,00:00:00,15.3,15.6,15.3,15.45,144250
2021-03-01,00:00:00,15.25,15.5,15.25,15.35,24300
2021-03-02,00:00:00,15.05,15.6,15.05,15.45,20590
2021-03-03,00:00:00,15.6,15.6,15.15,15.15,22500
2021-03-04,00:00:00,15.1,15.3,15.1,15.1,44730
2021-03-05,00:00:00,15.1,15.2,15.1,15.2,41420
2021-03-08,00:00:00,14.9,15.2,14.9,15.0,31000
2021-03-09,00:00:00,14.8,15.3,14.8,15.25,63970
2021-03-10,00:00:00,15.0,15.0,15.0,15.0,3450
2021-03-12,00:00:00,14.9,14.9,14.9,14.9,10000
2021-03-15,00:00:00,14.6,14.8,14.6,14.8,51650
2021-03-16,00:00:00,14.8,15.0,14.8,14.9,21960
2021-03-17,00:00:00,14.65,15.1,14.65,15.0,13330
2021-03-18,00:00:00,15.0,15.0,15.0,15.0,9000
2021-03-19,00:00:00,15.0,15.0,14.7,14.75,28350
2021-03-22,00:00:00,14.75,15.0,14.45,14.5,28620
2021-03-23,00:00:00,14.5,14.5,14.5,14.5,24670
2021-03-24,00:00:00,14.7,14.75,14.7,14.7,20130
2021-03-25,00:00:00,15.0,15.0,14.9,15.0,17970
2021-03-26,00:00:00,15.0,15.0,14.7,14.9,12000
2021-03-30,00:00:00,14.9,15.15,14.9,14.95,18090
2021-03-31,00:00:00,15.25,15.25,14.9,14.9,40960
2021-04-01,00:00:00,14.85,15.0,14.8,14.95,66500
2021-04-05,00:00:00,14.8,14.9,14.65,14.8,61800
2021-04-06,00:00:00,14.8,15.1,14.8,15.05,53000
2021-04-07,00:00:00,15.0,15.0,14.75,14.8,60500
2021-04-08,00:00:00,15.0,15.5,14.8,15.4,58970
2021-04-09,00:00:00,15.0,16.0,15.0,15.3,52840
2021-04-12,00:00:00,14.55,14.65,14.55,14.6,67130
2021-04-13,00:00:00,13.9,14.55,13.9,14.5,50030
2021-04-15,00:00:00,14.5,15.0,13.9,15.0,56810
2021-04-16,00:00:00,14.5,14.7,14.3,14.7,53380
2021-04-19,00:00:00,14.9,14.9,14.0,14.1,53130
2021-04-20,00:00:00,14.5,14.65,13.5,14.6,53560
2021-04-22,00:00:00,14.4,15.0,13.95,14.3,53610
2021-04-23,00:00:00,14.3,14.3,13.8,14.0,54170
2021-04-26,00:00:00,14.2,14.65,13.45,14.65,64050
2021-04-27,00:00:00,14.5,15.35,14.5,15.35,57860
2021-04-28,00:00:00,16.1,16.1,16.1,16.1,17500
2021-04-29,00:00:00,16.95,16.95,16.95,16.95,27920
2021-04-30,00:00:00,17.7,17.8,16.6,17.75,37280
2021-05-03,00:00:00,18.65,18.65,17.5,17.8,130070
2021-05-04,00:00:00,18.55,18.55,17.8,17.8,59800
2021-05-05,00:00:00,17.5,18.0,17.5,18.0,5910
2021-05-06,00:00:00,18.0,18.9,18.0,18.65,1700
2021-05-07,00:00:00,18.1,19.6,18.1,19.15,19600
2021-05-10,00:00:00,20.1,20.1,18.7,20.05,26610
2021-05-11,00:00:00,21.05,21.05,19.8,20.9,1520
2021-05-12,00:00:00,20.9,20.9,20.0,20.7,18700
2021-05-14,00:00:00,20.7,21.4,20.7,21.4,11440
2021-05-17,00:00:00,22.45,22.45,20.4,20.4,11210
2021-05-18,00:00:00,21.2,21.2,20.4,20.4,7230
2021-05-19,00:00:00,20.45,21.0,20.4,20.4,6930
2021-05-20,00:00:00,21.0,21.0,20.4,20.45,770
2021-05-21,00:00:00,20.9,21.45,20.4,21.0,17960
2021-05-24,00:00:00,20.95,21.8,20.95,21.8,2300
2021-05-25,00:00:00,21.8,21.8,21.0,21.6,3260
2021-05-26,00:00:00,21.6,21.6,21.6,21.6,5010
2021-05-27,00:00:00,22.5,22.5,20.8,21.6,1150
2021-05-28,00:00:00,21.0,21.5,21.0,21.4,2430
2021-05-31,00:00:00,21.7,21.7,20.85,20.85,5500
2021-06-01,00:00:00,20.8,21.0,20.0,20.2,12580
2021-06-02,00:00:00,21.0,21.0,20.2,20.2,3340
2021-06-03,00:00:00,20.2,21.1,20.2,21.05,1330
2021-06-04,00:00:00,20.5,21.7,20.2,20.4,6750
2021-06-07,00:00:00,21.4,21.4,20.5,20.5,2500
2021-06-08,00:00:00,20.2,21.4,19.8,20.7,58590
2021-06-09,00:00:00,20.0,21.5,19.8,21.1,265030
2021-06-10,00:00:00,21.6,22.2,21.6,22.0,28210
2021-06-11,00:00:00,22.7,22.7,21.5,22.4,29370
2021-06-14,00:00:00,22.9,22.9,22.0,22.45,5750
2021-06-15,00:00:00,22.5,22.5,22.5,22.5,13880
2021-06-16,00:00:00,22.5,23.6,22.5,23.4,19200
2021-06-17,00:00:00,24.45,24.5,23.5,23.5,9690
2021-06-18,00:00:00,23.5,24.7,23.5,24.6,33200
2021-06-21,00:00:00,25.0,25.5,25.0,25.5,15570
2021-06-22,00:00:00,26.35,26.5,25.3,25.65,42820
2021-06-23,00:00:00,24.35,26.5,24.35,25.0,29010
2021-06-24,00:00:00,25.1,25.8,24.5,25.15,35430
2021-06-25,00:00:00,25.0,26.0,24.0,25.25,33620
2021-06-28,00:00:00,25.5,25.9,24.0,24.75,44460
2021-06-29,00:00:00,25.0,25.3,24.5,24.5,25780
2021-06-30,00:00:00,25.7,25.7,24.4,25.0,24800
2021-07-01,00:00:00,26.25,26.25,23.9,24.4,26080
2021-07-02,00:00:00,24.0,25.0,24.0,24.7,32150
2021-07-05,00:00:00,24.7,24.85,23.8,24.8,26520
2021-07-06,00:00:00,23.6,25.0,23.6,24.3,23970
2021-07-07,00:00:00,24.0,24.9,24.0,24.9,25000
2021-07-08,00:00:00,24.0,24.0,24.0,24.0,24900
2021-07-09,00:00:00,23.7,24.6,23.7,24.55,20910
2021-07-12,00:00:00,24.2,25.5,24.2,24.2,33770
2021-07-13,00:00:00,25.3,25.3,23.2,24.0,20430
2021-07-14,00:00:00,24.0,24.0,23.5,23.5,25000
2021-07-15,00:00:00,23.8,24.0,23.4,24.0,33540
2021-07-16,00:00:00,23.9,25.2,23.9,25.2,44250
2021-07-19,00:00:00,26.4,26.4,24.0,25.9,28900
2021-07-20,00:00:00,24.6,26.0,24.6,24.85,178130
2021-07-22,00:00:00,23.6,25.9,23.6,25.25,34360
2021-07-23,00:00:00,25.0,25.0,24.5,24.5,24500
2021-07-26,00:00:00,24.5,25.65,24.4,24.8,28560
2021-07-27,00:00:00,25.5,25.5,24.2,25.5,32710
2021-07-28,00:00:00,25.8,25.8,24.55,25.65,26070
2021-07-29,00:00:00,24.75,25.1,24.75,24.8,20200
2021-07-30,00:00:00,24.5,24.6,24.2,24.3,22170
2021-08-02,00:00:00,25.5,25.5,24.55,25.5,34370
2021-08-03,00:00:00,26.4,26.4,24.8,25.5,24330
2021-08-04,00:00:00,25.5,25.5,24.7,25.0,429760
2021-08-05,00:00:00,24.6,26.2,24.6,26.15,429270
2021-08-06,00:00:00,26.7,26.7,25.0,26.35,427100
2021-08-09,00:00:00,29.0,29.0,26.1,26.25,928210
2021-08-10,00:00:00,26.25,28.5,26.25,27.45,635400
2021-08-11,00:00:00,27.5,28.95,26.0,27.95,647930
2021-08-12,00:00:00,26.0,28.5,26.0,27.3,658790
2021-08-13,00:00:00,28.9,29.0,27.0,28.65,31100
2021-08-16,00:00:00,30.3,30.3,28.0,29.5,33770
2021-08-17,00:00:00,30.95,30.95,29.0,30.15,40910
2021-08-18,00:00:00,30.4,30.9,29.15,30.15,30040
2021-08-20,00:00:00,29.1,30.9,29.1,30.35,34680
2021-08-23,00:00:00,31.1,32.5,27.5,30.85,48120
2021-08-24,00:00:00,30.4,31.5,29.0,30.95,3060
2021-08-25,00:00:00,33.4,33.4,30.1,30.5,9410
2021-08-26,00:00:00,30.0,31.0,30.0,30.3,159080
2021-08-27,00:00:00,29.2,32.5,28.0,32.25,20590
2021-08-30,00:00:00,32.3,33.3,32.2,32.9,27420
2021-08-31,00:00:00,33.1,33.95,33.0,33.5,35050
2021-09-01,00:00:00,34.8,34.8,33.0,34.3,25460
2021-09-02,00:00:00,35.0,35.0,33.55,34.0,23850
2021-09-03,00:00:00,34.9,34.9,33.5,34.0,22100
2021-09-06,00:00:00,35.8,35.8,33.5,34.0,27080
2021-09-07,00:00:00,35.6,35.6,33.0,34.5,23990
2021-09-08,00:00:00,33.35,34.4,32.55,33.85,27230
2021-09-09,00:00:00,34.2,34.25,33.5,33.5,22540
2021-09-13,00:00:00,35.9,35.9,32.5,33.5,26370
2021-09-14,00:00:00,30.6,33.9,30.6,31.55,59440
2021-09-15,00:00:00,32.15,32.5,31.0,32.45,34040
2021-09-16,00:00:00,32.8,32.8,29.55,32.0,22320
2021-09-17,00:00:00,30.2,33.8,30.2,32.35,24860
2021-09-20,00:00:00,32.5,32.5,30.5,30.7,33450
2021-09-21,00:00:00,33.5,33.5,30.1,30.95,27060
2021-09-22,00:00:00,30.65,32.0,30.5,30.6,25290
2021-09-23,00:00:00,32.9,32.9,30.2,31.0,28550
2021-09-24,00:00:00,31.1,34.1,31.0,33.45,56230
2021-09-27,00:00:00,32.8,33.9,32.5,33.1,26720
2021-09-28,00:00:00,35.0,35.0,31.1,31.3,33230
2021-09-29,00:00:00,30.6,32.55,30.3,31.5,25340
2021-09-30,00:00:00,33.4,33.4,31.0,31.5,24370
2021-10-01,00:00:00,32.8,33.5,29.6,30.55,28510
2021-10-04,00:00:00,31.45,32.5,30.0,30.5,55560
2021-10-05,00:00:00,33.0,33.0,30.3,31.9,31040
2021-10-06,00:00:00,33.4,33.4,30.0,30.1,35040
2021-10-07,00:00:00,31.5,31.5,30.0,31.0,24360
2021-10-08,00:00:00,33.0,33.0,30.0,30.8,24000
2021-10-11,00:00:00,32.0,32.5,30.0,32.05,59450
2021-10-12,00:00:00,31.55,33.0,31.5,32.9,36090
2021-10-13,00:00:00,32.0,38.8,32.0,35.9,67180
2021-10-14,00:00:00,39.0,39.0,34.15,37.25,21040
2021-10-18,00:00:00,38.9,38.9,35.0,36.4,25980
2021-10-19,00:00:00,34.55,40.1,34.55,39.15,75200
2021-10-20,00:00:00,41.9,41.9,36.3,40.95,54190
2021-10-21,00:00:00,44.9,44.9,40.6,42.55,35040
2021-10-22,00:00:00,41.5,43.7,41.0,43.35,144370
2021-10-25,00:00:00,43.3,45.0,42.25,43.9,42550
2021-10-26,00:00:00,44.5,44.5,36.6,40.3,31770
2021-10-27,00:00:00,42.9,42.9,39.5,39.55,25920
2021-10-28,00:00:00,43.3,43.3,39.0,39.35,24170
2021-10-29,00:00:00,41.5,41.5,39.0,41.0,26930
2021-11-01,00:00:00,41.9,43.0,39.5,41.3,27380
2021-11-02,00:00:00,42.5,42.5,40.4,41.8,23640
2021-11-03,00:00:00,42.5,42.5,40.0,41.4,26150
2021-11-04,00:00:00,44.3,44.3,41.0,41.55,13010
2021-11-08,00:00:00,43.0,43.0,39.5,40.15,21450
2021-11-09,00:00:00,42.0,42.0,39.5,40.15,23280
2021-11-10,00:00:00,40.5,41.5,39.5,41.5,29200
2021-11-11,00:00:00,40.15,41.7,38.4,39.65,34770
2021-11-12,00:00:00,40.2,40.5,38.0,38.5,30760
2021-11-15,00:00:00,39.5,41.9,33.6,41.3,24440
2021-11-16,00:00:00,42.3,42.3,40.0,40.45,23200
2021-11-17,00:00:00,41.5,41.5,39.5,39.6,28570
2021-11-18,00:00:00,39.1,40.9,37.1,40.85,54020
2021-11-22,00:00:00,39.5,40.5,38.2,38.85,20290
2021-11-23,00:00:00,38.6,42.9,38.6,40.4,24520
2021-11-24,00:00:00,43.9,47.4,39.5,46.0,183230
2021-11-25,00:00:00,46.05,47.1,43.7,44.3,36480
2021-11-26,00:00:00,45.8,45.8,41.3,42.6,28780
2021-11-29,00:00:00,41.0,45.7,40.2,40.5,21140
2021-11-30,00:00:00,39.2,42.0,39.2,40.6,24670
2021-12-01,00:00:00,40.5,43.1,39.7,42.0,26900
2021-12-02,00:00:00,43.3,43.3,40.75,41.95,21850
2021-12-03,00:00:00,43.7,43.7,40.6,41.2,20850
2021-12-06,00:00:00,39.25,42.5,39.25,40.35,25870
2021-12-07,00:00:00,39.25,42.4,39.2,40.0,24400
2021-12-08,00:00:00,41.9,41.9,40.0,40.0,21720
2021-12-09,00:00:00,41.8,41.8,40.0,40.0,23720
2021-12-10,00:00:00,41.0,41.0,40.1,40.5,22710
2021-12-13,00:00:00,40.5,40.7,39.25,39.95,25180
2021-12-14,00:00:00,42.0,42.0,39.1,40.1,72150
2021-12-15,00:00:00,43.5,43.5,40.0,40.8,20940
2021-12-16,00:00:00,41.0,41.0,39.5,40.15,24620
2021-12-17,00:00:00,40.5,40.65,39.5,39.6,22850
2021-12-20,00:00:00,38.3,41.0,38.3,40.8,11100
2021-12-21,00:00:00,42.9,42.9,39.3,39.3,23460
2021-12-22,00:00:00,40.5,40.5,39.5,39.5,22810
2021-12-23,00:00:00,39.5,40.9,39.5,40.1,26130
2021-12-24,00:00:00,42.0,42.0,39.5,39.55,23450
2021-12-27,00:00:00,41.0,41.0,39.5,40.45,24100
2021-12-28,00:00:00,39.5,42.6,39.5,39.9,23030
2021-12-29,00:00:00,40.95,40.95,40.2,40.9,21400
2021-12-30,00:00:00,40.5,41.0,39.3,39.9,26380
2021-12-31,00:00:00,41.5,41.5,39.15,40.5,24570
2022-01-03,00:00:00,39.5,40.9,37.7,40.8,35480
2022-01-04,00:00:00,40.9,40.9,39.05,40.0,24880
2022-01-05,00:00:00,39.5,40.65,39.5,40.35,33100
2022-01-06,00:00:00,38.25,42.15,38.25,41.05,39030
2022-01-07,00:00:00,40.0,42.0,39.7,41.3,32320
2022-01-10,00:00:00,42.0,42.0,39.55,40.6,26830
2022-01-11,00:00:00,41.5,42.0,40.0,41.7,6530
2022-01-12,00:00:00,42.5,42.9,40.3,41.75,10260
2022-01-13,00:00:00,42.3,44.9,41.5,43.85,28800
2022-01-14,00:00:00,44.0,44.0,42.6,43.0,11650
2022-01-17,00:00:00,43.0,45.3,42.5,44.7,20400
2022-01-18,00:00:00,46.0,46.5,43.8,43.8,21610
2022-01-19,00:00:00,43.65,45.5,43.0,43.15,1410
2022-01-20,00:00:00,45.4,45.4,43.0,43.9,2030
2022-01-21,00:00:00,43.0,44.4,41.0,43.2,11210
2022-01-24,00:00:00,44.5,44.65,42.0,43.55,22250
2022-01-25,00:00:00,41.0,42.5,40.3,41.8,7590
2022-01-27,00:00:00,42.8,43.5,40.2,41.35,1380
2022-01-28,00:00:00,43.0,43.0,42.4,42.4,130
2022-01-31,00:00:00,45.5,45.5,43.5,43.5,240
2022-02-01,00:00:00,45.0,45.0,41.0,42.1,5540
2022-02-02,00:00:00,44.2,44.2,43.0,43.85,3560
2022-02-03,00:00:00,43.0,43.6,41.3,42.8,1830
2022-02-04,00:00:00,42.5,43.1,41.2,42.9,2980
2022-02-07,00:00:00,42.9,42.9,42.1,42.1,920
2022-02-08,00:00:00,42.1,43.0,41.0,43.0,2200
2022-02-09,00:00:00,42.1,42.1,42.1,42.1,260
2022-02-10,00:00:00,44.1,44.1,41.5,41.5,450
2022-02-11,00:00:00,43.0,43.0,43.0,43.0,250
2022-02-14,00:00:00,40.85,42.5,35.6,40.0,18650
2022-02-15,00:00:00,39.5,44.75,39.5,43.35,2440
2022-02-16,00:00:00,42.5,43.0,40.0,42.25,220
2022-02-17,00:00:00,41.2,42.3,41.0,42.3,550
2022-02-18,00:00:00,42.0,42.0,39.1,40.9,720
2022-02-21,00:00:00,40.0,40.2,39.0,39.0,11460
2022-02-22,00:00:00,37.0,39.0,35.5,39.0,11540
2022-02-23,00:00:00,36.2,40.9,36.2,39.7,2280
2022-02-24,00:00:00,36.0,39.9,32.7,35.35,5270
2022-02-25,00:00:00,39.3,39.3,34.0,34.0,3260
2022-02-28,00:00:00,33.5,35.1,33.5,35.05,3090
2022-03-02,00:00:00,38.75,38.75,34.05,34.05,1190
2022-03-03,00:00:00,38.7,40.85,37.5,38.9,26350
2022-03-04,00:00:00,40.1,40.1,33.4,37.0,5960
2022-03-07,00:00:00,41.5,41.5,37.0,37.0,370
2022-03-08,00:00:00,37.1,37.1,33.7,36.5,310
2022-03-09,00:00:00,36.5,38.8,34.0,36.0,400
2022-03-10,00:00:00,40.95,40.95,33.6,34.0,4030
2022-03-11,00:00:00,38.95,38.95,32.55,34.7,8010
2022-03-14,00:00:00,37.9,37.9,32.5,35.65,1650
2022-03-15,00:00:00,38.0,38.0,32.4,33.7,12650
2022-03-16,00:00:00,38.0,38.0,32.55,34.5,2460
2022-03-17,00:00:00,33.0,37.95,32.65,36.3,5700
2022-03-21,00:00:00,34.2,34.2,34.2,34.2,30
2022-03-23,00:00:00,33.2,35.0,31.8,32.45,3310
2022-03-24,00:00:00,33.45,35.6,31.55,34.25,1620
2022-03-25,00:00:00,35.2,36.0,32.1,34.55,1070
2022-03-28,00:00:00,34.95,40.5,34.8,36.55,14230
2022-03-29,00:00:00,40.0,40.0,36.55,37.65,1100
2022-03-30,00:00:00,39.3,40.5,36.9,40.15,15720
2022-03-31,00:00:00,37.2,41.0,36.6,40.9,31290
2022-04-01,00:00:00,41.35,47.1,40.6,44.75,34420
2022-04-04,00:00:00,48.7,48.7,43.3,45.0,13040
2022-04-05,00:00:00,46.7,46.7,38.5,41.05,599520
2022-04-06,00:00:00,45.5,45.5,39.5,41.05,19360
2022-04-07,00:00:00,41.05,42.5,40.0,41.4,27710
2022-04-08,00:00:00,41.4,45.45,41.4,42.9,20150
2022-04-11,00:00:00,42.8,47.0,42.5,45.5,20710
2022-04-12,00:00:00,45.5,48.0,44.5,47.2,37860
2022-04-13,00:00:00,48.0,50.0,46.5,49.1,85120
2022-04-18,00:00:00,51.5,51.5,46.9,48.8,22630
2022-04-19,00:00:00,53.25,53.25,48.8,51.7,34880
2022-04-20,00:00:00,57.0,57.0,52.5,54.4,11900
2022-04-21,00:00:00,55.0,55.0,51.8,53.3,30860
2022-04-22,00:00:00,54.9,56.35,54.0,54.95,3690
2022-04-25,00:00:00,55.8,55.8,54.1,55.15,10600
2022-04-26,00:00:00,57.0,57.4,54.15,57.2,21330
2022-04-27,00:00:00,59.9,59.9,51.5,53.1,22410
2022-04-28,00:00:00,53.1,56.2,52.0,52.65,1260
2022-04-29,00:00:00,53.0,55.45,51.2,52.05,1780
2022-05-02,00:00:00,56.6,56.6,51.5,54.85,6090
2022-05-04,00:00:00,56.9,58.5,51.5,51.9,19750
2022-05-05,00:00:00,50.5,54.0,48.6,51.6,31650
2022-05-06,00:00:00,50.2,52.0,50.2,51.65,2390
2022-05-09,00:00:00,50.0,52.0,50.0,51.15,5360
2022-05-10,00:00:00,49.05,53.2,48.0,49.5,6850
2022-05-11,00:00:00,48.2,50.0,48.2,50.0,9550
2022-05-12,00:00:00,50.0,50.0,43.2,49.6,78490
2022-05-13,00:00:00,43.6,50.0,43.6,48.15,1770
2022-05-16,00:00:00,48.0,49.8,48.0,48.85,3300
2022-05-17,00:00:00,50.35,50.35,48.1,49.9,660
2022-05-18,00:00:00,49.9,50.5,46.5,48.4,25310
2022-05-19,00:00:00,49.7,49.7,49.7,49.7,250
2022-05-20,00:00:00,47.6,49.7,47.5,49.4,950
2022-05-23,00:00:00,49.7,50.65,49.7,50.15,2250
2022-05-24,00:00:00,47.75,47.75,47.5,47.5,250
2022-05-25,00:00:00,52.2,52.2,46.0,47.2,3870
2022-05-26,00:00:00,50.0,56.5,47.5,47.5,2600
2022-05-27,00:00:00,50.0,50.0,47.6,47.6,40
2022-05-30,00:00:00,47.6,52.5,47.6,50.0,5540
2022-05-31,00:00:00,53.4,53.4,48.2,49.7,790
2022-06-01,00:00:00,51.7,51.7,47.5,49.6,20950
2022-06-02,00:00:00,47.15,50.0,47.15,50.0,210
2022-06-03,00:00:00,47.55,50.0,47.55,49.9,90
2022-06-06,00:00:00,49.9,49.9,47.5,47.55,1590
2022-06-07,00:00:00,45.0,45.0,45.0,45.0,1000
2022-06-08,00:00:00,45.0,47.5,45.0,47.5,2270
2022-06-09,00:00:00,47.5,47.5,45.1,47.5,290
2022-06-10,00:00:00,47.5,47.5,41.25,44.9,19650
2022-06-13,00:00:00,45.0,47.3,42.7,44.85,9750
2022-06-14,00:00:00,45.0,46.0,43.0,44.4,11390
2022-06-15,00:00:00,43.1,47.95,43.1,46.0,900
2022-06-16,00:00:00,44.1,46.9,43.95,44.45,28030
2022-06-17,00:00:00,41.7,46.9,41.7,45.2,19450
2022-06-20,00:00:00,44.0,45.5,44.0,44.5,6350
2022-06-21,00:00:00,40.85,47.5,40.8,47.5,6060
2022-06-22,00:00:00,47.35,47.5,45.0,46.9,1830
2022-06-23,00:00:00,44.65,45.0,44.0,44.0,3050
2022-06-24,00:00:00,43.15,44.0,42.5,44.0,4250
2022-06-27,00:00:00,41.55,42.9,38.1,39.7,4320
2022-06-28,00:00:00,39.8,40.0,39.8,39.8,200
2022-06-29,00:00:00,37.0,39.5,34.35,34.8,42680
2022-06-30,00:00:00,39.7,39.7,30.0,30.3,13450
2022-07-01,00:00:00,32.0,32.75,30.6,31.7,9490
2022-07-04,00:00:00,29.35,33.35,29.35,31.8,3770
2022-07-05,00:00:00,29.3,31.5,28.6,29.0,15800
2022-07-06,00:00:00,30.0,30.0,26.25,26.7,4260
2022-07-07,00:00:00,28.05,28.05,27.55,27.7,5660
2022-07-08,00:00:00,28.5,28.8,28.2,28.8,70
2022-07-11,00:00:00,28.8,29.9,26.75,29.25,4220
2022-07-12,00:00:00,29.25,29.6,26.6,29.35,3570
2022-07-13,00:00:00,32.2,32.2,28.6,29.5,10510
2022-07-14,00:00:00,27.75,29.7,26.65,28.6,4410
2022-07-15,00:00:00,28.6,28.6,27.2,27.2,720
2022-07-18,00:00:00,29.85,29.85,27.55,29.05,3210
2022-07-19,00:00:00,30.9,30.9,27.75,29.0,810
2022-07-20,00:00:00,30.1,31.0,28.5,30.25,21980
2022-07-21,00:00:00,28.3,31.9,28.3,31.1,11520
2022-07-22,00:00:00,31.2,33.95,30.5,33.1,11690
2022-07-25,00:00:00,34.0,36.4,34.0,36.4,6310
2022-07-26,00:00:00,40.0,40.0,36.7,39.4,5880
2022-07-27,00:00:00,41.4,41.4,40.0,41.4,5100
2022-07-28,00:00:00,42.2,43.4,41.4,41.4,1070
2022-07-29,00:00:00,41.4,41.5,39.65,40.5,1250
2022-08-01,00:00:00,39.4,40.0,38.45,40.0,2010
2022-08-02,00:00:00,40.0,40.0,38.0,38.85,10960
2022-08-03,00:00:00,38.0,38.05,36.9,37.0,770
2022-08-04,00:00:00,35.15,38.3,35.15,38.0,350
2022-08-05,00:00:00,39.0,39.0,36.1,36.1,970
2022-08-08,00:00:00,34.3,36.7,34.3,34.3,7330
2022-08-10,00:00:00,36.0,36.0,32.6,33.05,410
2022-08-11,00:00:00,33.0,33.2,32.0,32.25,1670
2022-08-12,00:00:00,31.3,33.7,31.3,32.9,1750
2022-08-16,00:00:00,32.9,34.4,31.25,33.9,2760
2022-08-17,00:00:00,34.8,34.8,32.2,32.2,3260
2022-08-18,00:00:00,30.7,33.8,30.7,32.25,1880
2022-08-19,00:00:00,33.15,33.15,30.85,30.9,6160
2022-08-22,00:00:00,30.0,30.8,29.4,29.5,6490
2022-08-23,00:00:00,29.5,29.5,28.0,29.0,7770
2022-08-24,00:00:00,29.8,30.45,29.6,30.45,5430
2022-08-25,00:00:00,31.95,31.95,31.0,31.8,4030
2022-08-26,00:00:00,33.0,33.0,30.3,32.6,970
2022-08-29,00:00:00,34.0,34.0,31.0,32.1,14240
2022-08-30,00:00:00,30.55,31.8,30.5,30.7,13230
2022-09-01,00:00:00,31.65,31.65,29.25,30.2,2400
2022-09-02,00:00:00,30.7,31.6,29.0,30.45,6310
2022-09-05,00:00:00,31.7,31.7,30.05,30.5,155750
2022-09-06,00:00:00,29.65,31.6,29.65,30.2,155390
2022-09-07,00:00:00,30.9,30.9,29.0,29.8,1730
2022-09-08,00:00:00,30.5,31.0,30.3,30.5,130170
2022-09-09,00:00:00,31.9,31.9,29.05,29.5,1680
2022-09-12,00:00:00,30.9,30.9,29.0,29.15,3060
2022-09-13,00:00:00,30.5,30.5,30.3,30.3,260
2022-09-14,00:00:00,29.9,30.45,28.8,30.0,1250
2022-09-15,00:00:00,30.0,30.0,29.5,30.0,1320
2022-09-16,00:00:00,29.5,30.0,28.8,29.9,1290
2022-09-19,00:00:00,29.5,30.0,29.0,29.75,160
2022-09-20,00:00:00,30.0,30.0,28.8,30.0,82720
2022-09-21,00:00:00,29.5,30.0,28.5,29.5,1650
2022-09-22,00:00:00,30.0,30.0,28.1,29.05,330
2022-09-23,00:00:00,28.7,30.0,27.6,28.1,88680
2022-09-26,00:00:00,28.0,28.0,27.0,27.2,2290
2022-09-27,00:00:00,27.0,27.0,25.8,25.8,1840
2022-09-28,00:00:00,25.2,25.2,24.55,24.55,4020
2022-09-29,00:00:00,24.55,24.55,23.3,23.3,2750
2022-09-30,00:00:00,23.3,23.3,22.15,22.4,8320
2022-10-03,00:00:00,22.2,22.2,21.25,21.25,4080
2022-10-04,00:00:00,22.3,22.35,20.2,21.9,12880
2022-10-06,00:00:00,23.0,23.0,23.0,23.0,6560
2022-10-07,00:00:00,23.0,23.5,23.0,23.3,1700
2022-10-10,00:00:00,23.3,24.4,23.0,23.0,740
2022-10-11,00:00:00,23.1,24.0,23.0,24.0,790
2022-10-12,00:00:00,24.0,25.15,22.8,25.0,6570
2022-10-13,00:00:00,26.2,26.2,25.5,26.15,3810
2022-10-14,00:00:00,27.3,27.3,26.15,27.0,1890
2022-10-17,00:00:00,27.0,27.85,25.8,26.2,3500
2022-10-18,00:00:00,27.4,27.4,26.1,26.1,70
2022-10-19,00:00:00,25.0,27.0,24.8,25.35,670
2022-10-20,00:00:00,26.3,26.3,25.4,25.5,260
2022-10-21,00:00:00,25.85,26.5,25.85,26.3,300
2022-10-24,00:00:00,27.1,27.1,26.5,27.0,130
2022-10-25,00:00:00,27.0,27.0,27.0,27.0,350
2022-10-27,00:00:00,28.0,28.0,28.0,28.0,70
2022-10-31,00:00:00,27.55,27.55,27.55,27.55,80
2022-11-02,00:00:00,28.5,28.5,28.0,28.0,100
2022-11-04,00:00:00,28.0,28.0,26.6,26.6,5210
2022-11-07,00:00:00,25.25,25.25,25.25,25.25,1090
2022-11-09,00:00:00,24.0,24.0,24.0,24.0,460
2022-11-10,00:00:00,22.8,22.8,22.8,22.8,250
2022-11-11,00:00:00,21.65,21.65,21.65,21.65,4320
2022-11-14,00:00:00,20.6,20.6,20.6,20.6,5310
2022-11-15,00:00:00,20.6,21.6,20.3,21.6,2400
2022-11-16,00:00:00,22.7,22.7,22.7,22.7,1100
2022-11-17,00:00:00,23.8,23.8,23.8,23.8,2960
2022-11-18,00:00:00,25.0,25.0,22.7,24.0,4550
2022-11-21,00:00:00,23.5,24.6,22.8,23.5,2020
2022-11-22,00:00:00,22.35,24.6,22.35,22.35,1200
2022-11-23,00:00:00,22.35,23.4,21.35,22.0,2170
2022-11-24,00:00:00,23.1,23.1,21.15,21.8,3530
2022-11-25,00:00:00,22.7,22.85,21.2,22.55,3360
2022-11-28,00:00:00,23.4,23.6,21.5,22.9,2710
2022-11-29,00:00:00,23.5,24.0,21.8,21.85,10610
2022-11-30,00:00:00,22.95,22.95,22.9,22.9,1670
2022-12-01,00:00:00,23.3,24.05,21.8,22.8,4590
2022-12-02,00:00:00,22.8,23.9,21.65,21.75,7280
2022-12-05,00:00:00,21.7,22.4,20.8,22.0,1370
2022-12-06,00:00:00,22.0,23.0,21.0,22.8,6760
2022-12-07,00:00:00,20.55,23.1,20.55,21.95,2520
2022-12-08,00:00:00,21.9,21.9,20.2,21.9,4230
2022-12-09,00:00:00,21.9,21.9,20.0,21.35,7890
2022-12-12,00:00:00,20.0,21.35,20.0,20.7,1570
2022-12-13,00:00:00,22.7,22.7,19.3,20.5,1550
2022-12-14,00:00:00,19.3,21.35,19.3,21.0,1360
2022-12-15,00:00:00,20.0,21.0,19.5,19.55,8310
2022-12-16,00:00:00,19.6,20.0,19.6,20.0,2130
2022-12-19,00:00:00,19.5,20.25,19.5,20.25,920
2022-12-20,00:00:00,19.55,21.5,19.55,21.4,28520
2022-12-21,00:00:00,21.3,21.4,20.0,20.05,1950
2022-12-22,00:00:00,20.8,20.8,20.0,20.15,470
2022-12-23,00:00:00,20.8,20.8,18.9,18.9,2420
2022-12-26,00:00:00,19.3,19.4,19.0,19.3,950
2022-12-27,00:00:00,19.3,21.2,17.35,21.0,5940
2022-12-29,00:00:00,20.1,21.9,19.7,20.2,3990
2022-12-30,00:00:00,21.8,21.8,20.0,20.95,1210
2023-01-02,00:00:00,21.7,21.7,20.0,20.3,1290
2023-01-03,00:00:00,21.7,21.8,20.5,20.5,1690
2023-01-04,00:00:00,20.5,20.5,20.5,20.5,120
2023-01-05,00:00:00,21.0,21.0,19.85,20.15,2910
2023-01-06,00:00:00,22.15,22.15,20.0,20.0,1060
2023-01-09,00:00:00,21.0,21.0,20.0,21.0,1100
2023-01-10,00:00:00,20.0,21.0,20.0,21.0,670
2023-01-11,00:00:00,20.0,21.0,20.0,21.0,420
2023-01-12,00:00:00,20.5,20.95,20.5,20.95,150
2023-01-13,00:00:00,20.95,22.2,20.95,21.75,11340
2023-01-16,00:00:00,20.05,21.8,20.0,20.3,1540
2023-01-17,00:00:00,20.05,22.3,20.05,20.5,960
2023-01-18,00:00:00,21.9,21.9,20.0,21.9,160
2023-01-19,00:00:00,20.15,20.5,20.15,20.3,1360
2023-01-20,00:00:00,20.3,20.85,20.1,20.1,2010
2023-01-24,00:00:00,21.9,21.9,20.0,20.7,1530
2023-01-25,00:00:00,20.0,21.5,20.0,21.0,4540
2023-01-27,00:00:00,21.5,21.5,21.5,21.5,150
2023-01-30,00:00:00,20.0,20.1,20.0,20.1,520
2023-01-31,00:00:00,20.0,20.5,20.0,20.5,1190
2023-02-01,00:00:00,20.1,21.8,20.1,20.9,2000
2023-02-02,00:00:00,20.1,20.1,20.1,20.1,50
2023-02-03,00:00:00,20.1,20.1,20.1,20.1,60
2023-02-06,00:00:00,20.1,21.5,20.1,21.5,2920
2023-02-07,00:00:00,23.0,23.0,22.1,22.5,320
2023-02-08,00:00:00,22.95,22.95,20.6,20.85,540
2023-02-09,00:00:00,20.6,23.1,20.5,21.0,5370
2023-02-10,00:00:00,22.0,23.1,20.9,22.0,1880
2023-02-13,00:00:00,22.4,22.4,22.0,22.0,1410
2023-02-14,00:00:00,20.75,25.0,20.75,22.0,14710
2023-02-15,00:00:00,23.0,23.0,20.6,22.1,670
2023-02-16,00:00:00,21.2,22.65,21.0,22.4,1210
2023-02-17,00:00:00,22.05,22.05,21.8,21.8,170
2023-02-20,00:00:00,22.2,22.2,21.0,21.25,5110
2023-02-21,00:00:00,21.7,21.7,20.0,21.05,4300
2023-02-22,00:00:00,21.6,22.5,20.1,20.7,7180
2023-02-23,00:00:00,22.2,24.8,22.2,24.65,14530
2023-02-24,00:00:00,25.4,29.6,22.35,27.8,50730
2023-02-27,00:00:00,29.0,29.0,25.6,25.75,9010
2023-02-28,00:00:00,25.6,25.6,23.6,25.1,4380
2023-03-01,00:00:00,25.1,25.1,23.05,23.95,2320
2023-03-02,00:00:00,22.7,25.5,22.3,24.0,5090
2023-03-03,00:00:00,22.7,24.1,22.7,23.8,3850
2023-03-06,00:00:00,23.8,23.8,22.8,23.1,1930
2023-03-08,00:00:00,27.0,27.0,25.0,25.0,4000
2023-03-09,00:00:00,28.9,28.9,24.05,25.1,2240
2023-03-10,00:00:00,22.9,24.45,22.9,23.7,150
2023-03-13,00:00:00,23.7,27.1,22.65,22.9,5050
2023-03-14,00:00:00,21.5,23.0,21.5,22.95,2040
2023-03-15,00:00:00,22.15,22.6,22.15,22.45,5760
2023-03-16,00:00:00,23.9,23.9,22.0,22.1,24310
2023-03-17,00:00:00,22.2,23.1,22.2,23.1,100
2023-03-20,00:00:00,22.3,22.7,22.1,22.1,1800
2023-03-21,00:00:00,22.6,24.55,22.6,22.7,850
2023-03-22,00:00:00,22.95,25.2,22.95,23.85,1310
2023-03-23,00:00:00,26.5,26.5,22.3,22.35,2720
2023-03-24,00:00:00,22.05,24.75,22.05,23.95,4920
2023-03-27,00:00:00,24.95,24.95,23.05,23.6,110330
2023-03-28,00:00:00,26.9,26.9,21.3,23.0,21850
2023-03-29,00:00:00,24.5,24.7,22.45,23.0,21550
2023-03-31,00:00:00,24.3,24.3,21.45,21.7,1150
2023-04-03,00:00:00,22.9,23.0,21.6,23.0,170
2023-04-05,00:00:00,22.5,23.3,22.5,22.5,760
2023-04-06,00:00:00,21.6,22.15,18.25,20.95,21770
2023-04-10,00:00:00,21.0,22.4,21.0,21.4,1350
2023-04-11,00:00:00,22.4,23.4,21.6,21.8,10450
2023-04-12,00:00:00,23.35,23.35,21.4,22.0,7270
2023-04-13,00:00:00,21.8,22.0,20.6,21.45,1040
2023-04-17,00:00:00,22.1,22.1,21.45,22.1,610
2023-04-18,00:00:00,21.25,23.0,20.8,21.0,2960
2023-04-19,00:00:00,20.9,21.8,20.0,20.25,1470
2023-04-20,00:00:00,21.7,22.0,20.35,21.2,330
2023-04-21,00:00:00,21.1,21.1,20.05,20.05,9560
2023-04-24,00:00:00,20.7,21.0,20.0,20.0,5100
2023-04-25,00:00:00,20.0,21.0,20.0,21.0,16200
2023-04-26,00:00:00,21.5,21.5,20.4,20.45,710
2023-04-27,00:00:00,21.35,22.3,21.35,21.35,870
2023-04-28,00:00:00,21.5,21.5,21.5,21.5,230
2023-05-02,00:00:00,22.0,22.0,20.05,20.5,6580
2023-05-03,00:00:00,21.9,21.9,20.6,21.1,640
2023-05-04,00:00:00,21.8,21.8,20.6,21.5,3670
2023-05-05,00:00:00,21.5,21.5,20.6,21.5,290
2023-05-08,00:00:00,20.6,22.0,20.6,20.65,2520
2023-05-09,00:00:00,21.8,21.8,20.9,21.6,1480
2023-05-10,00:00:00,20.2,21.6,20.2,21.6,800
2023-05-11,00:00:00,20.6,21.0,20.1,20.15,4060
2023-05-12,00:00:00,20.4,21.35,20.35,21.3,3600
2023-05-15,00:00:00,21.3,21.3,21.3,21.3,100
2023-05-16,00:00:00,20.5,20.7,20.5,20.7,100
2023-05-17,00:00:00,21.3,21.3,21.3,21.3,60
2023-05-18,00:00:00,21.3,21.3,21.0,21.3,430
2023-05-19,00:00:00,20.5,21.3,20.3,20.4,710
2023-05-22,00:00:00,20.4,21.2,20.4,21.1,200
2023-05-23,00:00:00,20.5,21.5,20.5,21.5,660
2023-05-24,00:00:00,20.4,21.0,19.3,20.4,4590
2023-05-25,00:00:00,20.95,20.95,20.3,20.35,670
2023-05-26,00:00:00,20.3,20.3,20.0,20.3,5980
2023-05-29,00:00:00,19.0,20.0,18.8,20.0,8630
2023-05-30,00:00:00,20.0,20.0,19.5,20.0,750
2023-05-31,00:00:00,19.0,19.5,19.0,19.05,4390
2023-06-01,00:00:00,20.1,21.0,18.1,21.0,4590
2023-06-02,00:00:00,21.0,21.0,21.0,21.0,310
2023-06-05,00:00:00,20.45,21.7,20.45,21.45,10360
2023-06-06,00:00:00,21.65,23.2,20.8,22.45,6850
2023-06-07,00:00:00,22.5,23.3,22.4,22.85,17800
2023-06-08,00:00:00,23.0,24.0,23.0,23.2,38940
2023-06-09,00:00:00,23.1,23.5,23.1,23.5,210
2023-06-12,00:00:00,24.45,24.45,22.8,23.0,900
2023-06-13,00:00:00,24.45,24.45,22.7,23.8,3210
2023-06-14,00:00:00,23.8,24.0,22.5,23.55,25490
2023-06-15,00:00:00,23.4,23.5,23.4,23.5,140
2023-06-16,00:00:00,23.8,23.8,22.9,23.25,4140
2023-06-19,00:00:00,23.1,23.8,22.7,22.9,2370
2023-06-20,00:00:00,22.5,24.4,22.0,23.0,2120
2023-06-21,00:00:00,24.2,24.2,23.1,24.2,3280
2023-06-22,00:00:00,23.1,23.2,23.0,23.2,5100
2023-06-23,00:00:00,24.0,24.55,23.9,23.9,4890
2023-06-26,00:00:00,26.1,26.35,24.0,24.0,3780
2023-06-27,00:00:00,24.0,26.0,24.0,25.1,27990
2023-06-28,00:00:00,26.0,26.0,25.25,25.45,168370
2023-06-30,00:00:00,25.4,26.0,25.3,25.65,374550
2023-07-03,00:00:00,25.65,25.65,25.1,25.5,121980
2023-07-04,00:00:00,25.1,25.15,24.9,24.9,2120
2023-07-05,00:00:00,26.0,26.0,22.65,24.85,109620
2023-07-06,00:00:00,25.0,25.9,24.5,24.8,120550
2023-07-07,00:00:00,24.55,24.9,23.15,24.0,531480
2023-07-10,00:00:00,23.7,25.9,23.7,24.6,123660
2023-07-11,00:00:00,25.95,25.95,24.15,24.2,72270
2023-07-12,00:00:00,24.2,25.45,24.2,24.2,74410
2023-07-13,00:00:00,24.2,25.05,24.2,24.2,5800
2023-07-14,00:00:00,24.2,25.9,24.2,24.3,196690
2023-07-17,00:00:00,24.0,25.65,23.9,24.6,71690
2023-07-18,00:00:00,24.2,25.5,24.0,24.3,16830
2023-07-19,00:00:00,24.4,24.9,24.4,24.85,101500
2023-07-20,00:00:00,24.6,24.8,24.2,24.2,50910
2023-07-21,00:00:00,24.2,25.0,24.2,24.2,32680
2023-07-24,00:00:00,24.0,25.0,24.0,25.0,107460
2023-07-25,00:00:00,24.2,25.3,23.65,25.3,31900
2023-07-26,00:00:00,24.5,25.4,23.4,24.2,25000
2023-07-27,00:00:00,24.0,25.0,24.0,25.0,619470
2023-07-28,00:00:00,25.0,26.0,24.5,25.05,1006970
2023-07-31,00:00:00,25.8,26.0,25.0,25.5,73090
2023-08-01,00:00:00,25.0,25.9,24.6,25.3,33130
2023-08-02,00:00:00,25.0,25.0,23.5,24.4,10800
2023-08-03,00:00:00,24.0,24.75,24.0,24.75,26460
2023-08-04,00:00:00,24.5,24.5,24.3,24.45,60150
2023-08-07,00:00:00,24.25,24.25,23.4,23.4,16990
2023-08-08,00:00:00,23.8,25.1,23.8,25.1,190
2023-08-09,00:00:00,24.9,24.9,23.0,24.2,440000
2023-08-10,00:00:00,23.5,25.0,23.0,24.2,7440
2023-08-11,00:00:00,25.4,25.4,23.9,23.9,12700
2023-08-14,00:00:00,25.2,25.2,24.9,25.0,49840
2023-08-16,00:00:00,25.2,25.8,25.2,25.5,4500
2023-08-17,00:00:00,25.5,26.0,25.0,25.0,407300
2023-08-18,00:00:00,25.2,26.0,25.2,25.7,5120
2023-08-21,00:00:00,26.0,26.15,25.3,25.8,6620
2023-08-22,00:00:00,26.1,30.9,26.1,28.35,14620
2023-08-23,00:00:00,29.9,29.9,28.0,29.1,15190
2023-08-24,00:00:00,30.0,32.0,29.3,30.55,21710
2023-08-25,00:00:00,31.7,31.8,30.8,30.95,12960
2023-08-28,00:00:00,32.9,33.2,32.1,33.0,25280
2023-08-29,00:00:00,33.0,33.5,32.3,33.0,8030
2023-08-30,00:00:00,38.8,38.8,32.6,33.6,312110
2023-08-31,00:00:00,34.9,35.3,31.9,34.8,13280
2023-09-01,00:00:00,36.55,36.55,35.2,35.2,4380
2023-09-04,00:00:00,35.2,36.0,35.0,35.0,1860
2023-09-05,00:00:00,35.5,35.5,35.0,35.25,2800
2023-09-06,00:00:00,35.0,35.25,34.6,35.25,2910
2023-09-07,00:00:00,35.2,35.2,34.35,34.95,7080
2023-09-08,00:00:00,34.95,36.4,34.6,35.4,18750
2023-09-11,00:00:00,35.5,35.8,35.5,35.7,480
2023-09-12,00:00:00,36.0,36.0,35.0,35.25,3560
2023-09-13,00:00:00,35.8,35.8,35.6,35.6,200
2023-09-14,00:00:00,35.8,36.0,34.9,35.95,10160
2023-09-15,00:00:00,36.0,37.05,35.9,36.5,3610
2023-09-18,00:00:00,36.9,36.9,36.7,36.7,260
2023-09-20,00:00:00,36.9,36.9,36.1,36.35,3100
2023-09-21,00:00:00,36.2,36.2,35.3,35.3,2160
2023-09-22,00:00:00,36.0,36.9,34.7,35.5,5260
2023-09-25,00:00:00,36.9,36.9,36.9,36.9,100
2023-09-26,00:00:00,36.5,36.9,35.5,36.45,700
2023-09-27,00:00:00,36.0,37.3,35.0,37.25,1000
2023-09-28,00:00:00,37.0,38.0,35.35,35.5,40610
2023-09-29,00:00:00,37.0,37.0,35.0,36.85,3670
2023-10-03,00:00:00,37.0,37.3,36.5,36.6,135760
2023-10-04,00:00:00,37.0,37.0,35.5,36.65,8870
2023-10-05,00:00:00,36.2,37.3,36.0,37.3,679940
2023-10-06,00:00:00,37.0,37.5,37.0,37.0,546000
2023-10-09,00:00:00,37.0,37.7,36.5,36.7,166950
2023-10-10,00:00:00,36.2,37.5,36.2,37.5,119610
2023-10-11,00:00:00,37.0,39.15,35.9,38.8,110910
2023-10-12,00:00:00,39.5,39.5,38.3,38.8,133420
2023-10-13,00:00:00,40.2,40.2,36.9,39.9,325780
2023-10-16,00:00:00,39.5,39.5,39.4,39.4,1220
2023-10-17,00:00:00,39.9,39.95,37.6,38.8,2880
2023-10-18,00:00:00,38.5,39.9,38.5,39.9,5410
2023-10-19,00:00:00,40.0,40.0,38.5,39.45,14290
2023-10-20,00:00:00,39.0,39.9,38.8,38.8,250
2023-10-23,00:00:00,39.5,39.5,39.5,39.5,91090
2023-10-25,00:00:00,39.0,39.0,38.5,38.5,8810
2023-10-26,00:00:00,38.5,38.5,36.6,38.5,1690
2023-10-27,00:00:00,39.9,39.9,39.2,39.5,647020
2023-10-30,00:00:00,39.5,39.5,39.5,39.5,645310
2023-10-31,00:00:00,38.5,39.8,38.5,39.8,627170
2023-11-01,00:00:00,39.5,39.5,39.5,39.5,181600
2023-11-02,00:00:00,38.5,39.5,38.5,39.5,1800
2023-11-03,00:00:00,39.5,39.5,39.5,39.5,1050
2023-11-06,00:00:00,39.5,39.9,39.0,39.9,48750
2023-11-07,00:00:00,40.0,40.0,39.5,39.5,31050
2023-11-08,00:00:00,40.0,41.5,39.5,39.85,1061090
2023-11-09,00:00:00,39.0,41.5,38.5,41.5,191720
2023-11-10,00:00:00,41.5,43.6,40.7,43.6,89820
2023-11-12,00:00:00,45.75,45.75,45.75,45.75,10610
2023-11-13,00:00:00,47.9,48.05,47.7,48.05,119720
2023-11-15,00:00:00,49.5,50.45,48.0,50.45,20190
2023-11-16,00:00:00,50.0,51.3,50.0,50.45,6090
2023-11-17,00:00:00,51.0,51.0,50.0,51.0,13960
2023-11-20,00:00:00,51.0,51.0,50.6,50.6,15000
2023-11-21,00:00:00,51.0,51.0,50.5,50.5,15000
2023-11-22,00:00:00,49.5,50.4,49.5,50.3,6010
2023-11-23,00:00:00,50.3,50.3,49.3,49.3,97500
2023-11-24,00:00:00,50.0,50.0,50.0,50.0,101500
2023-11-28,00:00:00,50.8,50.8,49.7,50.8,299620
2023-11-29,00:00:00,50.6,50.6,50.5,50.5,650
2023-11-30,00:00:00,51.35,51.5,50.5,51.5,13300
2023-12-01,00:00:00,51.1,52.55,50.45,52.55,873550
2023-12-04,00:00:00,52.55,52.55,51.5,52.5,87950
2023-12-05,00:00:00,52.8,52.8,51.45,51.45,216100
2023-12-06,00:00:00,50.4,50.4,50.4,50.4,180
2023-12-07,00:00:00,49.4,49.4,49.4,49.4,1640
2023-12-08,00:00:00,48.45,48.45,48.45,48.45,196320
2023-12-11,00:00:00,47.45,47.45,47.45,47.45,2340
2023-12-12,00:00:00,46.5,46.5,46.5,46.5,9070
2023-12-13,00:00:00,45.9,47.45,45.65,47.45,260560
2023-12-14,00:00:00,47.45,47.5,47.45,47.5,499800
2023-12-15,00:00:00,48.0,48.0,48.0,48.0,489080
2023-12-18,00:00:00,48.95,48.95,48.9,48.95,432030
2023-12-19,00:00:00,49.95,49.95,49.95,49.95,16890
2023-12-20,00:00:00,50.95,50.95,50.95,50.95,9450
2023-12-21,00:00:00,51.95,51.95,51.95,51.95,1860990
2023-12-22,00:00:00,53.0,53.0,53.0,53.0,14970
2023-12-26,00:00:00,54.0,55.6,53.0,55.6,16570
2023-12-27,00:00:00,57.7,58.4,56.25,58.1,19240
2023-12-28,00:00:00,60.0,60.0,58.1,59.9,5650
2023-12-29,00:00:00,60.0,62.8,60.0,62.4,130900
2024-01-01,00:00:00,62.4,65.5,62.4,65.05,32280
2024-01-02,00:00:00,66.5,68.3,66.35,67.6,51860
2024-01-03,00:00:00,68.9,69.3,66.0,68.3,12010
2024-01-04,00:00:00,66.95,66.95,66.95,66.95,800
2024-01-05,00:00:00,65.6,65.6,65.6,65.6,230
2024-01-08,00:00:00,64.3,66.9,64.3,66.9,316230
2024-01-09,00:00:00,68.25,68.25,68.2,68.2,3900
2024-01-10,00:00:00,69.55,69.55,69.5,69.55,75800
2024-01-11,00:00:00,70.9,70.95,70.1,70.95,179920
2024-01-12,00:00:00,71.3,72.35,71.3,72.35,34540
2024-01-15,00:00:00,73.8,73.8,73.8,73.8,8730
2024-01-16,00:00:00,75.2,75.3,75.2,75.2,156930
2024-01-17,00:00:00,75.4,76.7,75.4,76.7,14450
2024-01-18,00:00:00,78.2,78.2,77.5,78.0,12180
2024-01-19,00:00:00,78.4,79.1,78.4,79.0,6650
2024-01-20,00:00:00,80.0,80.3,79.8,80.0,15850
2024-01-23,00:00:00,79.5,80.0,79.5,80.0,98820
2024-01-24,00:00:00,81.6,81.6,81.6,81.6,312880
2024-01-25,00:00:00,83.2,83.25,81.5,83.25,39970
2024-01-29,00:00:00,84.9,84.9,84.9,84.9,336080
2024-01-30,00:00:00,86.4,86.6,86.4,86.6,342620
2024-01-31,00:00:00,87.9,88.1,87.8,88.1,51380
2024-02-01,00:00:00,87.0,89.8,87.0,89.8,95280
2024-02-02,00:00:00,89.7,89.7,88.1,89.3,5270
2024-02-05,00:00:00,88.5,88.5,87.5,87.5,40410
2024-02-06,00:00:00,85.75,85.75,85.75,85.75,58330
2024-02-07,00:00:00,84.05,86.0,84.05,86.0,130850
2024-02-08,00:00:00,87.0,87.6,86.0,87.6,4360
2024-02-09,00:00:00,88.2,89.35,88.2,89.35,9570
2024-02-12,00:00:00,89.4,91.0,89.4,90.4,10320
2024-02-13,00:00:00,90.6,91.3,90.6,91.3,9500
2024-02-14,00:00:00,91.3,91.3,91.0,91.0,5830
2024-02-15,00:00:00,91.0,91.0,90.6,90.8,23490
2024-02-16,00:00:00,90.8,90.95,89.9,90.7,7060
2024-02-19,00:00:00,90.7,90.7,90.0,90.5,4870
2024-02-20,00:00:00,90.0,90.0,89.9,90.0,72410
2024-02-21,00:00:00,90.1,90.1,90.0,90.1,3170
2024-02-22,00:00:00,90.8,90.8,90.1,90.1,9380
2024-02-23,00:00:00,90.2,90.2,90.0,90.0,12720
2024-02-26,00:00:00,90.3,90.3,90.1,90.1,3280
2024-02-27,00:00:00,90.1,90.1,90.0,90.0,26170
2024-02-28,00:00:00,90.1,90.1,88.2,90.0,7020
2024-02-29,00:00:00,90.1,90.1,90.0,90.0,1470
2024-03-01,00:00:00,90.0,90.0,89.9,89.9,4160
2024-03-02,00:00:00,92.4,92.4,89.0,89.7,5530
2024-03-04,00:00:00,90.1,90.1,87.0,87.85,62350
2024-03-05,00:00:00,87.5,88.3,84.0,87.4,317180
2024-03-06,00:00:00,84.1,91.7,84.1,87.7,322760
2024-03-07,00:00:00,87.8,89.2,86.2,88.3,13440
2024-03-11,00:00:00,89.2,89.2,84.2,87.8,15690
2024-03-12,00:00:00,88.5,90.1,83.4,84.7,36170
2024-03-13,00:00:00,87.4,88.9,80.45,80.45,12810
2024-03-14,00:00:00,80.45,80.45,76.45,76.45,55010
2024-03-15,00:00:00,75.4,75.4,72.65,72.65,11260
2024-03-18,00:00:00,72.0,76.2,69.0,74.9,58160
2024-03-19,00:00:00,77.2,78.0,73.7,77.7,22400
2024-03-20,00:00:00,78.0,78.0,75.1,77.5,20250
2024-03-21,00:00:00,77.5,77.5,73.9,76.75,12780
2024-03-22,00:00:00,77.5,80.0,75.2,78.5,6140
2024-03-26,00:00:00,75.2,78.4,75.2,77.0,395860
2024-03-27,00:00:00,75.6,80.0,74.2,79.7,82270
2024-03-28,00:00:00,78.5,78.5,75.7,78.0,680
2024-04-01,00:00:00,75.1,77.25,75.0,77.25,190
2024-04-02,00:00:00,78.8,78.8,74.5,75.2,870
2024-04-03,00:00:00,75.8,75.8,71.45,75.7,2660
2024-04-05,00:00:00,75.0,77.7,74.0,77.5,2680
2024-04-08,00:00:00,78.2,78.2,74.5,76.5,2960
2024-04-09,00:00:00,76.5,76.5,75.2,76.5,620
2024-04-10,00:00:00,76.5,80.3,75.0,79.2,530
2024-04-12,00:00:00,81.9,81.9,75.25,80.0,1820
2024-04-15,00:00:00,79.5,79.5,76.0,79.0,2040
2024-04-16,00:00:00,79.0,82.9,78.4,79.9,3070
2024-04-18,00:00:00,76.5,81.0,76.5,80.0,890
2024-04-19,00:00:00,78.0,78.5,76.0,76.0,4340
2024-04-22,00:00:00,78.9,78.9,75.0,78.75,940
2024-04-23,00:00:00,78.0,78.6,74.8,78.0,11410
2024-04-24,00:00:00,75.3,80.85,75.3,76.2,12070
2024-04-25,00:00:00,76.0,79.45,75.3,77.75,2530
2024-04-26,00:00:00,79.0,79.0,74.8,77.6,3610
2024-04-29,00:00:00,75.4,79.0,75.3,76.3,2300
2024-04-30,00:00:00,77.0,77.0,72.5,73.8,15410
2024-05-02,00:00:00,76.9,76.9,71.5,75.5,12860
2024-05-03,00:00:00,75.5,76.0,72.5,76.0,5420
2024-05-06,00:00:00,76.0,77.45,75.0,75.1,6670
2024-05-07,00:00:00,78.0,78.0,74.1,75.7,11670
2024-05-08,00:00:00,74.0,78.0,74.0,77.0,2680
2024-05-09,00:00:00,77.0,77.0,77.0,77.0,340
2024-05-10,00:00:00,75.0,76.4,74.1,76.4,2130
2024-05-13,00:00:00,80.2,80.2,79.0,80.2,91840
2024-05-14,00:00:00,84.2,84.2,83.4,84.2,62880
2024-05-15,00:00:00,88.0,88.4,85.55,88.3,103800
2024-05-16,00:00:00,91.5,92.4,90.0,91.25,34680
2024-05-17,00:00:00,93.95,95.8,91.4,93.8,102760
2024-05-18,00:00:00,96.9,96.9,90.1,93.7,8670
2024-05-21,00:00:00,89.2,94.0,89.0,89.1,53580
2024-05-22,00:00:00,87.25,90.0,84.65,84.95,164360
2024-05-23,00:00:00,88.4,89.2,84.65,88.7,148000
2024-05-24,00:00:00,91.8,91.8,87.25,89.7,20560
2024-05-27,00:00:00,91.5,91.9,88.0,89.9,13900
2024-05-28,00:00:00,91.35,91.35,85.4,85.75,91450
2024-05-29,00:00:00,85.4,90.0,83.0,90.0,106230
2024-05-30,00:00:00,91.8,93.5,86.35,87.25,121690
2024-05-31,00:00:00,86.1,89.75,82.9,83.1,162060
2024-06-03,00:00:00,86.8,87.25,79.75,80.0,22870
2024-06-04,00:00:00,77.15,80.8,76.0,76.0,13580
2024-06-05,00:00:00,78.1,79.8,74.3,79.8,132610
2024-06-06,00:00:00,83.0,83.7,80.0,83.4,206710
2024-06-07,00:00:00,87.5,87.5,82.7,86.1,213190
2024-06-10,00:00:00,89.7,89.85,83.8,85.5,39470
2024-06-11,00:00:00,88.0,88.0,85.1,86.2,50230
2024-06-12,00:00:00,84.1,100.9,83.7,99.15,109270
2024-06-13,00:00:00,104.6,106.6,101.2,103.8,141980
2024-06-14,00:00:00,105.0,107.0,102.2,106.8,64120
2024-06-18,00:00:00,103.55,107.0,100.0,102.95,29860
2024-06-19,00:00:00,102.0,102.9,99.3,100.35,21030
2024-06-20,00:00:00,101.5,104.0,99.5,102.8,5210
2024-06-21,00:00:00,105.0,105.0,97.0,103.1,48700
2024-06-24,00:00:00,106.0,107.0,101.5,103.4,92990
2024-06-25,00:00:00,108.0,109.8,104.55,109.2,82870
2024-06-26,00:00:00,114.9,120.0,110.0,119.65,117300
2024-06-27,00:00:00,120.0,120.6,112.5,117.35,27890
2024-06-28,00:00:00,120.0,120.0,115.3,116.0,15170
2024-07-01,00:00:00,123.9,124.8,120.0,123.95,25940
2024-07-02,00:00:00,127.5,129.8,124.9,127.9,27240
2024-07-03,00:00:00,130.0,132.3,123.55,131.95,20630
2024-07-04,00:00:00,135.0,135.0,132.5,134.5,14090
2024-07-05,00:00:00,136.9,137.0,133.0,136.5,18070
2024-07-08,00:00:00,139.0,139.0,130.0,135.3,7070
2024-07-09,00:00:00,136.0,139.4,129.3,138.25,20320
2024-07-10,00:00:00,142.5,142.5,135.5,138.6,9800
2024-07-11,00:00:00,138.6,141.4,133.5,138.05,751130
2024-07-12,00:00:00,135.55,165.65,133.6,135.45,740390
2024-07-15,00:00:00,129.55,139.5,125.0,133.7,28680
2024-07-16,00:00:00,134.7,137.8,127.0,132.6,16890
2024-07-18,00:00:00,137.0,139.25,130.9,139.25,48590
2024-07-19,00:00:00,144.9,144.9,132.3,139.6,9260
2024-07-22,00:00:00,134.0,143.0,134.0,134.9,2630
2024-07-23,00:00:00,140.0,140.0,128.2,130.15,11330
2024-07-24,00:00:00,130.15,136.0,130.15,133.65,4140
2024-07-25,00:00:00,137.7,138.0,133.65,136.85,4310
2024-07-26,00:00:00,140.0,140.0,135.5,135.95,7010
2024-07-29,00:00:00,133.0,135.9,132.5,132.85,19220
2024-07-30,00:00:00,134.9,135.0,130.0,130.5,21020
2024-07-31,00:00:00,130.5,133.0,126.3,130.0,7640
2024-08-01,00:00:00,130.0,130.9,125.1,129.1,3120
2024-08-02,00:00:00,135.55,135.55,131.3,135.5,68310
2024-08-05,00:00:00,141.6,141.6,135.55,137.65,97790
2024-08-06,00:00:00,134.0,143.2,134.0,135.1,9390
2024-08-07,00:00:00,137.8,137.8,129.1,133.85,18370
2024-08-08,00:00:00,138.0,138.0,129.0,135.05,26840
2024-08-09,00:00:00,138.0,138.0,130.0,130.9,12570
2024-08-12,00:00:00,124.35,128.3,124.35,124.35,75610
2024-08-13,00:00:00,118.15,122.15,118.15,118.15,37810
2024-08-14,00:00:00,112.25,122.5,112.25,113.2,31300
2024-08-16,00:00:00,117.1,118.85,112.7,118.85,9620
2024-08-19,00:00:00,123.9,124.7,120.0,124.5,9590
2024-08-20,00:00:00,124.5,130.45,122.0,126.35,10620
2024-08-21,00:00:00,129.9,132.25,126.35,131.8,17960
2024-08-22,00:00:00,131.9,138.4,125.5,138.4,85330
2024-08-23,00:00:00,138.4,145.3,138.4,145.3,120890
2024-08-26,00:00:00,145.3,152.55,138.05,152.55,91520
2024-08-27,00:00:00,159.4,159.9,146.0,156.5,11190
2024-08-28,00:00:00,159.4,159.4,149.0,155.1,12720
2024-08-29,00:00:00,156.0,156.0,148.0,150.95,11490
2024-08-30,00:00:00,151.9,151.9,143.4,149.35,13020
2024-09-02,00:00:00,150.9,154.4,147.7,152.35,33420
2024-09-03,00:00:00,157.3,157.3,150.3,155.7,5810
2024-09-04,00:00:00,155.3,156.2,150.8,155.65,6510
2024-09-05,00:00:00,149.1,156.9,149.1,155.4,3220
2024-09-06,00:00:00,150.75,155.0,150.75,153.5,11790
2024-09-09,00:00:00,151.0,157.5,147.2,152.5,5750
2024-09-10,00:00:00,152.5,155.5,152.0,154.05,330080
2024-09-11,00:00:00,158.5,161.75,150.0,154.5,6350
2024-09-12,00:00:00,157.5,159.3,154.0,156.4,15280
2024-09-13,00:00:00,162.1,162.1,154.3,161.0,6880
2024-09-16,00:00:00,165.5,168.8,156.6,160.45,18270
2024-09-17,00:00:00,168.45,168.45,166.5,168.45,351490
2024-09-18,00:00:00,175.9,176.85,169.5,169.85,113160
2024-09-19,00:00:00,161.35,171.7,161.35,167.95,28160
2024-09-20,00:00:00,161.4,167.8,159.55,164.5,38700
2024-09-23,00:00:00,163.0,172.7,157.1,172.7,34680
2024-09-24,00:00:00,176.8,181.35,176.2,178.5,60510
2024-09-25,00:00:00,187.0,187.0,173.0,178.7,5960
2024-09-26,00:00:00,173.4,181.8,173.4,176.55,4730
2024-09-27,00:00:00,177.8,183.0,176.9,178.85,19230
2024-09-30,00:00:00,178.9,187.0,177.0,179.0,30470
2024-10-01,00:00:00,180.0,180.0,170.1,171.85,33520
2024-10-03,00:00:00,164.15,174.9,163.3,170.85,28180
2024-10-04,00:00:00,163.75,171.1,162.5,169.25,17960
2024-10-07,00:00:00,169.25,173.0,161.0,163.35,24790
2024-10-08,00:00:00,157.5,167.8,155.2,163.85,10710
2024-10-09,00:00:00,171.6,172.0,161.3,171.15,135900
2024-10-10,00:00:00,171.8,179.7,169.5,179.7,1041060
2024-10-11,00:00:00,181.0,184.8,176.0,179.05,297430
2024-10-14,00:00:00,176.2,177.0,170.2,171.0,530510
2024-10-15,00:00:00,171.5,172.15,171.0,172.15,237530
2024-10-16,00:00:00,172.2,175.1,172.2,175.1,697400
2024-10-17,00:00:00,175.2,175.8,171.2,175.7,232310
2024-10-18,00:00:00,175.8,178.6,175.8,178.55,613100
2024-10-21,00:00:00,179.6,181.45,179.6,181.45,491080
2024-10-22,00:00:00,181.6,183.55,181.6,183.5,680520
2024-10-23,00:00:00,183.6,192.65,183.55,192.65,1452760
2024-10-24,00:00:00,190.25,192.8,190.0,192.7,1113330
2024-10-25,00:00:00,202.1,202.1,190.5,191.6,531610
2024-10-28,00:00:00,191.1,192.5,191.0,192.5,547990
2024-10-29,00:00:00,192.5,194.05,192.0,194.05,665400
2024-10-30,00:00:00,194.1,196.2,192.9,196.1,767390
2024-10-31,00:00:00,195.0,195.85,186.3,186.3,4293360
2024-11-01,00:00:00,186.2,186.2,177.0,177.0,232750
2024-11-04,00:00:00,177.0,184.5,168.5,170.05,368160
2024-11-05,00:00:00,170.5,172.6,170.45,172.5,534310
2024-11-06,00:00:00,174.7,176.1,174.7,176.05,503819
2024-11-07,00:00:00,176.0,178.55,175.85,178.4,513657
2024-11-08,00:00:00,178.5,187.3,178.4,187.3,1382959
2024-11-11,00:00:00,188.5,196.65,188.5,196.65,1664558
2024-11-12,00:00:00,200.6,206.45,200.0,206.45,2471907
2024-11-13,00:00:00,210.6,216.75,210.6,216.75,1608255
2024-11-14,00:00:00,222.0,227.55,222.0,227.55,1755560
2024-11-18,00:00:00,235.0,238.9,235.0,238.9,2022051
2024-11-19,00:00:00,247.9,250.8,246.15,250.8,2114027
2024-11-21,00:00:00,255.0,263.3,255.0,263.3,1873294
2024-11-22,00:00:00,272.0,276.45,272.0,276.45,1578058
2024-11-25,00:00:00,290.1,290.25,285.0,290.25,1785026
2024-11-26,00:00:00,294.05,304.75,294.05,304.75,1564341
2024-11-27,00:00:00,319.9,319.95,319.9,319.95,1457993
2024-11-28,00:00:00,335.9,335.9,335.85,335.9,2781018
2024-11-29,00:00:00,319.15,319.15,319.15,319.15,27561
2024-12-02,00:00:00,303.2,303.2,303.2,303.2,5671
2024-12-03,00:00:00,288.05,288.05,288.05,288.05,4281
2024-12-04,00:00:00,273.65,273.65,273.65,273.65,8440
2024-12-05,00:00:00,260.0,260.0,260.0,260.0,79440
2024-12-06,00:00:00,247.0,247.0,247.0,247.0,13040
2024-12-09,00:00:00,234.65,234.65,234.65,234.65,12449
2024-12-10,00:00:00,222.95,222.95,222.95,222.95,7864
2024-12-11,00:00:00,211.85,219.7,211.85,211.85,875609
2024-12-12,00:00:00,201.3,222.4,201.3,221.95,1419579
2024-12-13,00:00:00,225.0,231.95,210.9,212.85,518666
2024-12-16,00:00:00,212.85,218.9,202.25,202.4,316885
2024-12-17,00:00:00,196.15,200.9,192.3,193.8,268667
2024-12-18,00:00:00,188.5,203.45,187.0,203.45,135641
2024-12-19,00:00:00,207.0,213.6,194.25,213.6,85594
2024-12-20,00:00:00,221.9,224.25,213.5,218.55,153205
2024-12-23,00:00:00,220.0,220.0,207.65,207.65,56657
2024-12-24,00:00:00,197.3,203.0,197.3,198.95,436889
2024-12-26,00:00:00,198.95,203.0,191.35,199.15,85444
2024-12-27,00:00:00,204.95,204.95,195.0,199.3,36579
2024-12-30,00:00:00,196.2,202.0,189.35,190.65,44436
2024-12-31,00:00:00,186.0,192.95,183.0,187.3,52353
2025-01-01,00:00:00,192.55,192.55,185.0,188.25,25385
2025-01-02,00:00:00,189.15,191.0,180.25,184.7,35263
2025-01-03,00:00:00,184.7,190.5,180.0,182.95,34830
2025-01-06,00:00:00,186.65,189.95,175.6,180.95,66658
2025-01-07,00:00:00,177.0,183.75,173.05,174.15,41631
2025-01-08,00:00:00,170.3,174.5,166.0,167.0,48557
2025-01-09,00:00:00,164.7,171.7,160.25,167.05,25337
2025-01-10,00:00:00,164.05,169.95,158.7,160.0,29900
2025-01-13,00:00:00,160.0,160.0,152.0,152.9,102995
2025-01-14,00:00:00,157.7,157.7,145.3,145.55,86688
2025-01-15,00:00:00,146.0,152.8,141.9,152.8,29563
2025-01-16,00:00:00,160.4,160.4,160.4,160.4,4138
2025-01-17,00:00:00,168.4,168.4,168.4,168.4,17978
2025-01-20,00:00:00,176.8,176.8,176.8,176.8,13192
2025-01-21,00:00:00,185.6,185.6,180.35,185.6,73632
2025-01-22,00:00:00,189.55,189.55,176.35,176.4,105606
2025-01-23,00:00:00,178.0,178.0,168.05,170.85,22261
2025-01-24,00:00:00,170.0,172.3,162.35,162.75,66413
2025-01-27,00:00:00,157.1,159.5,154.65,154.65,12904
2025-01-28,00:00:00,146.95,162.35,146.95,158.6,55728
2025-01-29,00:00:00,161.4,164.95,154.0,157.0,15953
2025-01-30,00:00:00,155.0,161.8,154.0,154.75,8710
2025-01-31,00:00:00,160.0,160.0,150.0,152.35,22484
2025-02-01,00:00:00,153.0,157.6,146.2,154.55,17833
2025-02-03,00:00:00,160.0,160.0,148.55,150.75,125553
2025-02-04,00:00:00,150.75,158.25,148.0,156.5,53081
2025-02-05,00:00:00,153.15,161.8,150.0,155.1,44398
2025-02-06,00:00:00,158.0,158.0,152.0,153.15,47829
2025-02-07,00:00:00,157.8,158.5,149.05,154.65,11282
2025-02-10,00:00:00,158.0,158.0,150.0,152.15,4975
2025-02-11,00:00:00,148.0,153.0,144.55,144.55,32229
2025-02-12,00:00:00,139.0,146.8,137.35,140.5,27722
2025-02-13,00:00:00,140.5,142.25,133.5,135.75,26236
2025-02-14,00:00:00,136.4,142.5,136.4,142.5,24228
2025-02-17,00:00:00,146.0,149.0,135.4,139.45,496728
2025-02-18,00:00:00,139.95,139.95,132.5,133.8,390514
2025-02-19,00:00:00,134.45,135.9,127.15,131.65,54765
2025-02-20,00:00:00,127.35,132.55,125.8,126.9,26463
2025-02-21,00:00:00,128.4,128.4,120.6,121.7,12271
2025-02-24,00:00:00,121.35,121.35,115.65,115.65,584599
2025-02-25,00:00:00,115.65,116.9,109.9,110.05,62538
2025-02-27,00:00:00,111.0,111.0,104.55,104.6,29002
2025-02-28,00:00:00,104.0,104.5,99.4,99.4,27553
2025-03-03,00:00:00,94.43,103.99,94.43,99.62,71417
2025-03-04,00:00:00,95.06,104.6,95.06,104.6,22944
2025-03-05,00:00:00,108.0,109.83,107.0,109.83,22616
2025-03-06,00:00:00,115.32,115.32,115.32,115.32,1903
2025-03-07,00:00:00,121.08,121.08,121.08,121.08,9890
2025-03-10,00:00:00,127.13,127.13,121.25,127.1,55800
2025-03-11,00:00:00,127.1,127.9,123.0,124.11,28716
2025-03-12,00:00:00,124.0,130.31,121.26,129.02,43966
2025-03-13,00:00:00,134.5,134.5,128.0,128.05,76199
2025-03-17,00:00:00,132.5,132.5,128.63,131.65,19164
2025-03-18,00:00:00,134.0,137.0,132.0,136.47,47575
2025-03-19,00:00:00,143.29,143.29,137.1,140.9,35397
2025-03-20,00:00:00,142.0,142.0,136.0,136.86,773257
2025-03-21,00:00:00,136.25,139.0,134.0,136.56,72075
2025-03-24,00:00:00,141.9,143.0,136.7,142.15,34726
2025-03-25,00:00:00,144.9,144.9,138.0,138.24,35446
2025-03-26,00:00:00,138.45,142.6,135.0,135.95,20347
2025-03-27,00:00:00,135.5,142.74,133.1,142.71,194789
2025-03-28,00:00:00,144.0,145.0,138.8,140.33,39595
