Date,Open,High,Low,Close,IV,Rank,IV Percentile
2022-01-28,2250.0,2326.0,2160.75,2281.6,41.560753,1,100.0
2022-01-31,2300.0,2344.95,2200.0,2314.6,39.194946,2,50.0
2022-02-01,2339.9,2382.1,2245.05,2296.85,45.73708,1,100.0
2022-02-02,2313.0,2388.35,2266.35,2301.25,40.367672,3,50.0
2022-02-03,2300.25,2337.95,2278.3,2301.85,38.515034,5,20.0
2022-02-04,2249.75,2374.7,2249.7,2341.9,40.74852,3,66.67
2022-02-07,2336.0,2346.6,2224.05,2257.5,41.868107,2,85.71
2022-02-08,2268.85,2280.0,2196.55,2223.35,40.111843,6,37.5
2022-02-09,2230.65,2260.0,2212.65,2251.2,38.746445,8,22.22
2022-02-10,2246.95,2344.4,2209.0,2236.15,41.96365,2,90.0
2022-02-11,2210.0,2244.4,2168.4,2177.2,42.07205,2,90.91
2022-02-14,2110.9,2209.95,2051.15,2097.25,39.308575,9,33.33
2022-02-15,2092.0,2141.75,2036.0,2056.15,37.624043,13,7.69
2022-02-16,2074.75,2086.9,2020.0,2041.7,43.39303,2,92.86
2022-02-17,2051.0,2069.95,2030.6,2060.95,42.10463,3,86.67
2022-02-18,2041.25,2080.05,2041.25,2064.95,39.55934,11,37.5
2022-02-21,2052.55,2115.0,2026.7,2100.35,39.595444,11,41.18
2022-02-22,2082.95,2118.0,2043.25,2075.0,34.975887,18,5.56
2022-02-23,2077.45,2119.95,2077.45,2096.7,43.487743,2,94.74
2022-02-24,2032.1,2090.35,1993.3,2044.3,39.44923,14,35.0
2022-02-25,2097.95,2138.85,2077.75,2130.8,42.48623,4,85.71
2022-02-28,2105.05,2168.15,2098.0,2160.0,39.20424,17,27.27
2022-03-02,2123.1,2212.8,2123.1,2182.95,39.855625,13,47.83
2022-03-03,2197.0,2241.65,2155.1,2166.85,40.530586,11,58.33
2022-03-04,2135.1,2207.0,2135.1,2161.75,40.270496,13,52.0
2022-03-07,2130.25,2149.85,2080.05,2106.1,38.53236,23,15.38
2022-03-08,2149.9,2158.0,2115.8,2140.4,40.258816,14,51.85
2022-03-09,2134.95,2165.0,2102.75,2142.75,39.001358,23,21.43
2022-03-10,2174.95,2175.0,2143.0,2159.65,40.88934,10,68.97
2022-03-11,2166.35,2170.25,2111.55,2129.1,41.0786,10,70.0
2022-03-14,2103.55,2141.95,2074.4,2083.35,40.30412,15,54.84
2022-03-15,2012.75,2100.0,2012.75,2094.7,40.86597,12,65.62
2022-03-16,2103.1,2208.2,2103.1,2194.8,41.69259,9,75.76
2022-03-17,2209.95,2209.95,2097.65,2108.1,40.231777,20,44.12
2022-03-21,2124.4,2127.8,2088.2,2098.85,42.981186,4,91.43
2022-03-22,2103.0,2103.0,2062.35,2085.05,42.61782,5,88.89
2022-03-23,2091.05,2100.15,2043.55,2052.9,40.2404,22,43.24
2022-03-24,2002.0,2060.3,1985.25,2044.0,41.953285,10,76.32
2022-03-25,2055.35,2055.35,1986.5,1990.4,34.38813,39,2.56
2022-03-28,1990.0,2018.95,1950.1,2006.1,51.035404,1,100.0
2022-03-29,2012.75,2057.1,2006.25,2033.9,44.621006,3,95.12
2022-03-30,2068.5,2095.0,2037.4,2077.3,47.857044,2,97.62
2022-03-31,2051.1,2178.0,2033.5,2157.25,43.405754,6,88.37
2022-04-01,2151.95,2157.9,2091.0,2108.05,37.825382,41,9.09
2022-04-04,2110.0,2147.4,2110.0,2130.25,41.679016,17,64.44
2022-04-05,2135.05,2268.8,2131.05,2219.3,39.086754,38,19.57
2022-04-06,2211.15,2245.0,2179.95,2214.1,40.551132,23,53.19
2022-04-07,2223.45,2246.0,2184.6,2199.1,40.06668,32,35.42
2022-04-08,2223.65,2256.4,2198.2,2249.05,41.403442,19,63.27
2022-04-11,2242.95,2263.65,2207.0,2219.7,40.065296,34,34.0
2022-04-12,2286.7,2286.7,2149.45,2211.4,39.89957,35,33.33
2022-04-13,2212.25,2237.5,2212.25,2230.3,19.494884,52,1.92
2022-04-18,2182.05,2224.0,2141.45,2187.3,40.49298,26,52.83
2022-04-19,2205.9,2213.0,2122.4,2152.4,40.551975,24,57.41
2022-04-20,2155.0,2175.6,2132.5,2140.65,40.409065,28,50.91
2022-04-21,2158.05,2164.95,2126.45,2143.2,24.995262,55,3.57
2022-04-22,2141.05,2205.9,2135.55,2162.25,39.597008,40,31.58
2022-04-25,2136.1,2145.15,2094.7,2097.5,35.217228,54,8.62
2022-04-26,2100.65,2115.35,2065.0,2087.65,39.298817,45,25.42
2022-04-27,2074.0,2100.1,2040.0,2088.45,43.36932,8,88.33
2022-04-28,2108.5,2108.5,2054.2,2095.1,39.911736,39,37.7
2022-04-29,2108.0,2130.1,2067.75,2097.85,35.28173,57,9.68
2022-05-02,2093.0,2093.1,2050.7,2059.15,79.8886,1,100.0
2022-05-04,2064.95,2069.35,2007.65,2018.05,95.1964,1,100.0
2022-05-05,2100.0,2274.95,2098.15,2228.95,123.0338,1,100.0
2022-05-06,2187.05,2282.0,2187.05,2262.25,135.525,1,100.0
2022-05-09,2236.8,2365.75,2236.8,2308.35,41.9527,20,71.64
2022-05-10,2291.95,2300.0,2093.9,2234.35,39.9505,44,36.76
2022-05-11,2263.35,2288.0,2190.0,2269.4,51.4416,5,94.2
2022-05-12,2255.25,2275.65,2221.8,2235.05,44.2244,10,87.14
2022-05-13,2264.0,2302.8,2249.5,2285.65,39.4787,53,26.76
2022-05-16,2319.95,2319.95,2223.8,2255.35,44.0116,11,86.11
2022-05-17,2269.45,2316.55,2266.25,2299.65,41.6358,27,64.38
2022-05-18,2317.05,2346.8,2260.05,2284.65,46.2241,8,90.54
2022-05-19,2240.0,2294.4,2228.85,2268.75,36.5679,69,9.33
2022-05-20,2278.9,2319.85,2270.1,2285.45,26.0742,74,3.95
2022-05-23,2288.8,2333.85,2265.8,2293.55,44.4058,11,87.01
2022-05-24,2261.9,2305.9,2224.0,2267.15,50.0487,7,92.31
2022-05-25,2276.55,2279.75,2203.4,2226.95,39.3302,60,25.32
2022-05-26,2204.75,2210.35,2176.65,2193.65,39.2939,63,22.5
2022-05-27,2119.3,2316.75,2119.3,2291.9,37.5089,73,11.11
2022-05-30,2279.25,2386.9,2279.25,2377.35,36.2917,75,9.76
2022-05-31,2392.95,2460.05,2335.6,2412.25,40.655,37,56.63
2022-06-01,2418.85,2478.9,2390.55,2445.75,45.9194,10,89.29
2022-06-02,2443.65,2445.0,2391.1,2420.75,122.0358,3,97.65
2022-06-03,2436.0,2457.75,2309.05,2317.15,54.1961,6,94.19
2022-06-06,2325.4,2384.0,2299.7,2370.45,39.6723,59,33.33
2022-06-07,2300.0,2365.0,2300.0,2353.25,41.5174,35,61.36
2022-06-08,2360.6,2368.85,2270.05,2305.1,35.2736,83,7.87
2022-06-09,2296.7,2363.1,2280.05,2355.95,35.9155,82,10.0
2022-06-10,2327.85,2362.1,2304.0,2337.25,41.6929,31,67.03
2022-06-13,2302.0,2352.05,2254.2,2326.9,129.9148,2,98.91
2022-06-14,2326.9,2360.0,2295.0,2311.95,44.1729,18,81.72
2022-06-15,2341.8,2341.8,2292.3,2305.45,41.7295,33,65.96
2022-06-16,2334.15,2355.7,2174.5,2220.15,112.4004,5,95.79
2022-06-17,2207.75,2260.05,2140.0,2175.2,107.3466,6,94.79
2022-06-20,2131.1,2198.0,2124.35,2177.9,47.9645,13,87.63
2022-06-21,2194.15,2250.0,2167.9,2219.65,112.3088,6,94.9
2022-06-22,2251.95,2252.0,2171.5,2208.7,41.7019,38,62.63
2022-06-23,2216.95,2298.25,2216.95,2268.8,42.0378,33,68.0
2022-06-24,2301.95,2301.95,2239.6,2284.6,89.1231,9,92.08
2022-06-27,2317.05,2357.6,2270.05,2283.45,125.3757,3,98.04
2022-06-28,2214.5,2288.95,2214.5,2280.2,51.7529,13,88.35
2022-06-29,2250.05,2304.95,2247.55,2291.4,59.126,12,89.42
2022-06-30,2266.7,2312.65,2266.7,2295.55,36.1306,96,9.52
2022-07-01,2279.35,2310.75,2251.05,2274.65,43.2277,32,70.75
2022-07-04,2301.95,2375.75,2279.45,2366.1,133.6182,2,99.07
2022-07-05,2387.85,2411.0,2343.6,2358.35,38.012,93,14.81
2022-07-06,2370.45,2530.5,2370.4,2521.2,81.3274,12,89.91
2022-07-07,2545.0,2577.6,2520.95,2537.1,35.0601,105,5.45
2022-07-08,2550.0,2590.85,2540.05,2564.15,202.0351,1,100.0
2022-07-11,2570.0,2608.85,2560.0,2588.1,35.9832,102,9.82
2022-07-12,2584.95,2592.45,2520.0,2530.95,38.3757,95,16.81
2022-07-13,2538.85,2561.75,2510.1,2541.9,28.4935,111,3.51
2022-07-14,2556.25,2568.8,2495.75,2540.2,29.0749,111,4.35
2022-07-15,2543.9,2576.45,2523.0,2563.5,33.9063,111,5.17
2022-07-18,2579.95,2591.2,2553.65,2581.1,53.3316,17,86.32
2022-07-19,2566.55,2629.4,2530.0,2573.2,43.8739,32,73.73
2022-07-20,2572.9,2621.0,2572.9,2597.7,29.1537,114,5.04
2022-07-21,2609.15,2833.55,2609.15,2768.95,437.2269,1,100.0
2022-07-22,2775.4,2778.95,2688.1,2695.3,30.5916,115,5.79
2022-07-25,2696.3,2699.4,2633.85,2660.55,592.7811,1,100.0
2022-07-26,2681.1,2765.45,2618.65,2708.85,34.4957,114,8.13
2022-07-27,2706.0,2748.85,2705.0,2726.15,135.3308,5,96.77
2022-07-28,2721.2,2755.35,2689.0,2723.55,14.4895,125,0.8
2022-07-29,2731.05,2813.95,2719.95,2750.55,154.4118,4,97.62
2022-08-01,2750.6,2810.45,2750.6,2766.15,206.2173,3,98.43
2022-08-02,2758.95,2831.85,2745.05,2776.25,41.0532,63,51.56
2022-08-03,2745.2,2774.75,2673.2,2686.0,195.0867,5,96.9
2022-08-04,2692.75,2727.4,2650.0,2681.15,198.891,5,96.92
2022-08-05,2683.05,2756.95,2683.05,2698.75,42.672,46,65.65
2022-08-08,2705.35,2809.0,2703.65,2737.75,17.1187,131,1.52
2022-08-10,2819.95,2866.95,2760.0,2785.85,39.7966,89,33.83
2022-08-11,2815.0,2845.0,2791.1,2811.8,37.0446,112,17.16
2022-08-12,2825.0,2845.0,2798.6,2810.7,37.6146,111,18.52
2022-08-16,2865.85,2913.1,2823.3,2906.05,37.3321,113,17.65
2022-08-17,2917.95,2932.95,2869.0,2894.4,37.9395,109,21.17
2022-08-18,2814.7,2941.5,2814.7,2892.95,39.4132,96,31.16
2022-08-19,2933.95,2933.95,2815.0,2892.95,37.2985,116,17.27
2022-08-22,2861.1,2917.95,2849.75,2871.6,48.811,29,80.0
2022-08-23,2868.55,2913.95,2852.15,2878.0,42.8371,47,67.38
2022-08-24,2898.9,3083.2,2873.0,3059.7,28.5957,136,4.93
2022-08-25,3047.8,3168.55,3045.4,3138.55,36.194,122,15.38
2022-08-26,3154.95,3219.5,3111.25,3184.85,34.512,131,9.72
2022-08-29,3075.05,3236.25,3075.05,3206.45,35.8631,126,13.79
2022-08-30,3235.05,3278.45,3171.65,3271.3,255.0,3,98.63
2022-09-01,3265.95,3403.0,3251.35,3375.85,35.2683,130,12.24
2022-09-02,3374.95,3433.8,3352.5,3377.1,34.3148,137,8.11
2022-09-05,3351.0,3371.4,3271.0,3307.7,34.6762,134,10.74
2022-09-06,3317.6,3387.5,3315.65,3365.8,38.0025,113,25.33
2022-09-07,3330.65,3388.4,3280.0,3326.0,36.6613,122,19.87
2022-09-08,3302.15,3385.1,3302.15,3336.8,37.3902,119,22.37
2022-09-09,3348.95,3365.0,3312.2,3322.8,35.7684,131,15.03
2022-09-12,3336.15,3367.0,3325.05,3348.7,35.2754,133,14.29
2022-09-13,3379.95,3439.9,3360.0,3373.9,46.8849,33,79.35
2022-09-14,3314.95,3363.2,3285.15,3304.2,40.8787,72,54.49
2022-09-15,3327.95,3352.7,3272.95,3305.75,43.7443,43,73.25
2022-09-16,3304.75,3326.4,3111.4,3194.45,42.4057,54,66.46
2022-09-19,3182.05,3237.55,3120.0,3166.2,41.371,71,55.97
2022-09-20,3198.7,3233.25,3142.6,3164.5,50.2604,29,82.5
2022-09-21,3192.95,3214.25,3135.9,3142.65,42.4981,54,67.08
2022-09-22,3138.25,3232.55,3110.5,3159.15,36.4793,132,19.14
2022-09-23,3159.8,3182.15,3121.95,3134.95,39.2235,111,32.52
2022-09-26,3113.2,3125.75,2968.1,3009.4,54.2787,24,85.98
2022-09-27,3011.25,3059.0,2971.0,3039.1,37.7303,125,24.85
2022-09-28,3020.0,3076.0,2994.6,3013.55,48.6553,33,80.72
2022-09-29,3051.25,3051.5,2971.35,3002.7,39.3035,111,34.13
2022-09-30,3046.45,3175.05,3009.65,3105.65,33.5171,158,6.55
2022-10-03,3084.95,3133.4,2986.05,2997.55,38.5367,120,29.59
2022-10-04,3051.0,3123.85,3047.05,3097.55,37.4489,132,22.94
2022-10-06,3119.75,3249.7,3100.0,3201.45,37.9924,126,26.9
2022-10-07,3211.15,3316.0,3185.55,3299.9,38.0926,124,28.49
2022-10-10,3284.3,3284.3,3215.0,3241.65,37.2151,138,20.81
2022-10-11,3250.0,3295.5,3190.0,3200.1,39.594,105,40.23
2022-10-12,3189.0,3270.0,3179.15,3261.55,216.651,4,98.29
2022-10-13,3278.65,3307.7,3240.0,3268.1,225.3332,4,98.3
2022-10-14,3312.2,3333.0,3183.05,3205.2,37.7798,133,25.42
2022-10-17,3230.2,3241.0,3155.6,3207.25,33.456,168,6.18
2022-10-18,3235.95,3285.95,3193.6,3224.55,35.5134,154,14.53
2022-10-19,3260.3,3260.3,3214.9,3250.65,294.2689,3,98.89
2022-10-20,3203.7,3242.9,3072.9,3132.4,31.5511,171,6.08
2022-10-21,3168.95,3179.8,3026.0,3049.7,77.4368,26,86.26
2022-10-24,3047.35,3060.0,3045.4,3051.3,28.4819,178,3.28
2022-10-25,3060.75,3087.95,3029.3,3061.55,37.0781,145,21.74
2022-10-27,3085.0,3085.0,3006.05,3045.2,58.4668,28,85.41
2022-10-28,3029.95,3056.05,2957.1,2979.45,33.3393,174,6.99
2022-10-31,2989.95,3079.8,2980.0,3066.45,63.5242,27,86.1
2022-11-01,3079.15,3205.0,3079.15,3179.25,34.5307,168,11.17
2022-11-02,3186.95,3199.0,3153.05,3185.8,34.9949,166,12.7
2022-11-03,3165.1,3305.95,3130.0,3239.65,35.1945,165,13.68
2022-11-04,3241.75,3289.0,3214.45,3241.5,35.5248,159,17.28
2022-11-07,3218.05,3301.85,3218.05,3283.7,34.3858,175,9.38
2022-11-09,3278.7,3306.05,3099.95,3113.35,39.7454,108,44.56
2022-11-10,3103.6,3263.4,3061.4,3187.5,41.5611,78,60.31
2022-11-11,3219.8,3232.0,3114.0,3162.3,40.4199,94,52.31
2022-11-14,3159.0,3227.8,3020.0,3038.95,39.7528,110,44.39
2022-11-15,3055.9,3087.45,3030.0,3042.35,39.3629,120,39.59
2022-11-16,3037.5,3105.85,3025.1,3042.8,38.6548,132,33.84
2022-11-17,3028.4,3142.25,3024.15,3128.95,37.3535,150,25.13
2022-11-18,3145.0,3160.0,3063.05,3098.65,31.3354,189,6.0
2022-11-21,3118.0,3123.65,3065.95,3094.4,31.486,189,6.47
2022-11-22,3106.9,3111.0,3050.1,3072.2,31.1622,191,5.94
2022-11-23,3079.6,3110.0,3063.8,3102.8,29.4423,193,5.42
2022-11-24,3106.25,3168.0,3102.95,3123.5,30.9225,192,6.37
2022-11-25,3127.85,3177.95,3096.2,3104.0,30.1906,194,5.85
2022-11-28,3116.5,3142.6,3106.1,3123.65,31.3641,190,8.25
2022-11-29,3100.15,3134.6,3034.0,3039.7,32.4958,188,9.66
2022-11-30,3052.15,3086.0,2993.6,3014.6,32.5231,188,10.1
2022-12-01,3030.3,3053.85,3008.75,3017.8,31.6856,190,9.57
2022-12-02,3024.95,3024.95,2948.65,3000.45,31.3654,193,8.57
2022-12-05,2962.05,3021.0,2962.05,2998.3,33.1733,188,11.37
2022-12-06,2973.65,3016.95,2961.4,2970.6,32.3908,191,10.38
2022-12-07,2933.25,3019.9,2933.25,2995.2,33.7062,185,13.62
2022-12-08,3007.05,3019.2,2984.0,3014.3,32.4228,192,10.75
2022-12-09,3025.0,3060.1,2965.0,2998.25,33.9186,184,14.88
2022-12-12,2992.25,3022.75,2965.0,3011.05,33.3393,189,12.73
2022-12-13,3015.1,3039.0,2994.5,3016.2,32.7006,191,11.98
2022-12-14,3025.55,3050.0,3014.2,3027.35,35.3876,168,23.39
2022-12-15,3013.95,3031.7,2931.75,2945.0,35.3166,169,23.29
2022-12-16,2918.95,2939.5,2835.05,2847.9,32.4975,195,11.36
2022-12-19,2834.9,2918.55,2834.25,2911.65,31.1134,206,6.79
2022-12-20,2897.2,2942.0,2888.05,2934.7,28.3461,216,2.7
2022-12-21,2934.3,2955.0,2833.6,2848.05,30.4711,209,6.28
2022-12-22,2850.6,2861.5,2789.05,2814.3,28.4904,216,3.57
2022-12-23,2788.1,2792.85,2670.1,2684.9,27.06,219,2.67
2022-12-26,2683.35,2745.0,2644.5,2725.05,28.6723,214,5.31
2022-12-27,2747.3,2754.5,2707.55,2747.1,26.5121,221,2.64
2022-12-28,2737.65,2757.4,2712.5,2721.55,30.2061,210,7.89
2022-12-29,2720.3,2730.4,2677.35,2685.55,26.6452,222,3.06
2022-12-30,2717.2,2747.0,2695.45,2701.9,27.4019,221,3.91
2023-01-02,2691.4,2728.9,2682.0,2694.65,29.2882,213,7.79
2023-01-03,2698.35,2712.95,2692.0,2706.8,26.9512,224,3.45
2023-01-04,2707.7,2745.0,2707.7,2714.35,27.0615,223,4.29
2023-01-05,2741.0,2820.45,2733.4,2813.75,26.1009,228,2.56
2023-01-06,2831.95,2871.95,2811.15,2852.0,29.4451,212,9.79
2023-01-09,2866.3,2891.5,2838.05,2870.7,26.5034,229,2.97
2023-01-10,2867.3,2874.8,2805.45,2856.35,23.0206,233,1.69
2023-01-11,2853.55,2914.2,2834.6,2909.05,24.6387,233,2.1
2023-01-12,2915.65,2945.0,2892.0,2922.4,25.824,232,2.93
2023-01-13,2922.0,2935.5,2890.8,2906.9,22.9855,236,1.67
2023-01-16,2905.3,2922.1,2867.8,2876.95,26.1331,230,4.56
2023-01-17,2890.7,2903.2,2837.65,2884.05,23.3124,236,2.48
2023-01-18,2887.85,2931.0,2878.35,2925.6,25.3256,234,3.7
2023-01-19,2923.95,2984.0,2912.85,2919.8,27.6722,223,8.61
2023-01-20,2928.85,2943.55,2907.15,2931.45,22.8364,241,1.63
2023-01-23,2943.3,2950.0,2914.85,2946.25,25.3553,235,4.47
2023-01-24,2958.45,2958.45,2915.3,2941.1,31.6667,200,19.03
2023-01-25,2939.5,2944.0,2853.7,2871.1,27.9096,224,9.68
2023-01-27,2862.05,2900.95,2775.25,2817.6,29.5476,213,14.46
2023-01-30,2796.85,2885.0,2796.85,2835.95,28.8335,219,12.4
2023-01-31,2842.35,2886.3,2827.5,2865.35,37.2275,153,39.44
2023-02-01,2854.15,2985.7,2756.85,2795.4,33.7967,189,25.4
2023-02-02,2795.35,2862.75,2760.0,2839.9,27.5331,230,9.09
2023-02-03,2846.05,2849.4,2782.9,2815.3,36.36,160,37.4
2023-02-06,2801.5,2955.95,2795.15,2946.05,37.4238,149,41.96
2023-02-07,2949.95,3045.05,2907.05,3032.2,34.0405,189,26.56
2023-02-08,3049.95,3104.8,3022.0,3090.8,34.0292,190,26.46
2023-02-09,3100.5,3150.0,3086.85,3140.95,34.8124,182,29.84
2023-02-10,3142.05,3183.45,3103.5,3176.1,33.9994,192,26.25
2023-02-13,3179.95,3214.95,3000.05,3080.75,37.7104,145,44.62
2023-02-14,3105.85,3177.0,3018.5,3086.2,32.7033,202,22.61
2023-02-15,3090.55,3195.45,3081.5,3160.3,30.0263,223,14.89
2023-02-16,3170.95,3211.0,3136.35,3190.8,31.0877,218,17.11
2023-02-17,3171.7,3238.0,3120.0,3133.35,30.1023,224,15.15
2023-02-20,3148.5,3229.5,3135.25,3180.8,33.7999,196,26.42
2023-02-21,3191.2,3208.65,3140.0,3165.25,35.1896,180,32.71
2023-02-22,3125.15,3185.0,3122.65,3163.3,38.1435,137,49.06
2023-02-23,3164.25,3169.95,3117.5,3128.4,29.3137,232,13.43
2023-02-24,3160.05,3189.8,3147.9,3155.85,25.8776,256,4.83
2023-02-27,3166.95,3189.0,3072.05,3129.75,25.574,258,4.44
2023-02-28,3135.0,3237.5,3118.8,3226.15,26.8137,250,7.75
2023-03-01,3230.0,3327.6,3213.8,3318.25,25.7942,259,4.78
2023-03-02,3310.0,3343.3,3291.9,3329.35,24.6746,264,3.3
2023-03-03,3292.0,3363.45,3292.0,3330.9,23.8906,266,2.92
2023-03-06,3347.15,3363.8,3312.45,3326.85,24.9241,264,4.0
2023-03-08,3320.1,3391.85,3313.5,3379.5,25.6223,260,5.8
2023-03-09,3386.5,3434.0,3375.15,3399.9,25.8303,258,6.86
2023-03-10,3368.0,3399.65,3352.25,3391.95,25.2244,265,4.68
2023-03-13,3387.2,3408.0,3278.55,3287.8,29.3377,232,16.85
2023-03-14,3308.25,3329.0,3245.15,3317.15,26.4233,255,8.93
2023-03-15,3335.7,3351.7,3297.1,3310.05,27.0374,250,11.03
2023-03-16,3303.5,3348.0,3254.05,3332.45,27.54,246,12.77
2023-03-17,3348.2,3367.95,3292.65,3308.6,26.3629,258,8.83
2023-03-20,3359.0,3359.0,3267.0,3293.65,28.289,244,14.08
2023-03-21,3305.5,3413.95,3300.0,3401.35,30.783,223,21.75
2023-03-22,3403.35,3416.25,3295.05,3303.05,30.6281,224,21.68
2023-03-23,3307.7,3369.0,3298.4,3349.55,28.4101,245,14.63
2023-03-24,3349.95,3381.7,3325.7,3340.35,27.5648,250,13.19
2023-03-27,3337.0,3377.25,3317.0,3336.5,33.1807,204,29.41
2023-03-28,3386.55,3400.05,3288.05,3325.6,32.0878,213,26.55
2023-03-29,3316.45,3415.4,3316.45,3384.65,29.6765,233,19.93
2023-03-31,3415.0,3415.0,3346.0,3370.65,27.8148,252,13.7
2023-04-03,3394.35,3402.0,3332.05,3368.75,26.7384,263,10.24
2023-04-05,3366.25,3389.75,3347.85,3382.15,27.5086,257,12.59
2023-04-06,3385.0,3472.0,3366.45,3408.9,26.2728,270,8.47
2023-04-10,3419.8,3429.0,3382.0,3410.2,27.0858,259,12.5
2023-04-11,3381.1,3381.1,3270.5,3287.85,28.5455,245,17.51
2023-04-12,3287.65,3299.65,3207.5,3214.0,28.2219,252,15.44
2023-04-13,3212.0,3267.45,3172.9,3239.15,24.2317,290,3.01
2023-04-17,3241.8,3273.0,3222.0,3240.0,25.9528,277,7.67
2023-04-18,3246.55,3264.8,3210.8,3215.55,25.5808,283,5.98
2023-04-19,3207.9,3247.9,3188.95,3197.75,27.4283,260,13.91
2023-04-20,3209.4,3233.0,3185.05,3190.3,25.1431,289,4.62
2023-04-21,3151.2,3210.0,3145.9,3157.8,23.1042,297,2.3
2023-04-24,3164.7,3227.2,3164.7,3213.55,16.6163,303,0.66
2023-04-25,3219.6,3351.85,3207.15,3339.0,27.742,255,16.67
2023-04-26,3339.05,3403.95,3330.25,3397.95,21.2789,302,1.63
2023-04-27,3399.95,3427.4,3378.9,3417.8,25.1424,291,5.52
2023-04-28,3445.0,3459.0,3405.9,3436.25,25.8542,281,9.06
2023-05-02,3438.7,3483.0,3412.0,3458.05,29.2849,240,22.58
2023-05-03,3449.45,3505.0,3423.15,3477.1,29.8567,233,25.08
2023-05-04,3502.5,3677.1,3470.0,3657.85,25.3349,291,6.73
2023-05-05,3661.6,3759.0,3661.6,3729.25,23.8311,302,3.51
2023-05-08,3729.55,3840.0,3724.05,3825.85,24.2883,300,4.46
2023-05-09,3826.8,3838.0,3786.05,3825.65,24.0115,302,4.13
2023-05-10,3818.1,3850.2,3807.0,3832.9,24.4636,300,5.06
2023-05-11,3819.9,3877.0,3814.6,3869.95,24.2715,302,4.73
2023-05-12,3865.0,3966.75,3850.2,3945.6,23.7138,307,3.46
2023-05-15,3950.0,3950.0,3852.0,3859.4,24.2557,303,5.02
2023-05-16,3860.0,3940.0,3854.0,3920.65,24.0872,305,4.69
2023-05-17,3914.95,3955.0,3883.0,3930.3,23.9131,307,4.36
2023-05-18,3933.95,3939.8,3892.05,3899.75,22.012,316,1.86
2023-05-19,3899.5,3924.45,3846.5,3898.95,19.2894,319,1.24
2023-05-22,3850.2,3895.4,3810.0,3888.15,22.5606,316,2.47
2023-05-23,3889.55,3960.0,3885.0,3904.8,19.5405,319,1.85
2023-05-24,3893.4,3946.0,3877.95,3898.05,19.4133,321,1.53
2023-05-25,3902.3,3965.3,3898.9,3947.85,24.2226,305,6.73
2023-05-26,3962.05,4035.0,3962.05,4022.25,24.6269,300,8.54
2023-05-29,4039.0,4073.9,4025.2,4045.35,24.3061,302,8.21
2023-05-30,4041.9,4070.05,4020.0,4051.35,23.5586,314,4.85
2023-05-31,4042.2,4099.0,4015.0,4084.2,23.6304,314,5.14
2023-06-01,4084.25,4119.55,3946.85,3955.25,25.6509,287,13.55
2023-06-02,3960.1,4029.0,3935.5,4022.0,24.1846,309,7.21
2023-06-05,4028.0,4064.0,3991.1,4029.45,25.1951,295,11.68
2023-06-06,4037.5,4080.9,4034.0,4063.8,23.7788,316,5.67
2023-06-07,4056.55,4150.0,4056.3,4137.75,24.5945,303,9.82
2023-06-08,4143.4,4145.05,4080.2,4106.4,24.1886,311,7.72
2023-06-09,4119.7,4150.0,4101.35,4138.05,24.5648,304,10.06
2023-06-12,4148.0,4181.95,4104.0,4169.7,25.7202,287,15.34
2023-06-13,4172.9,4342.65,4160.05,4334.25,28.261,254,25.29
2023-06-14,4326.05,4365.0,4290.1,4346.1,27.286,266,21.99
2023-06-15,4386.95,4386.95,4287.1,4312.1,26.1793,280,18.13
2023-06-16,4318.4,4353.35,4300.0,4342.7,27.2135,267,22.16
2023-06-19,4364.05,4398.6,4329.95,4347.65,30.5342,228,33.72
2023-06-20,4333.3,4392.85,4333.3,4386.9,28.226,256,25.8
2023-06-21,4390.95,4437.95,4341.15,4371.15,26.2084,283,18.21
2023-06-22,4359.9,4369.0,4271.0,4283.1,24.6585,309,10.95
2023-06-23,4253.65,4300.0,4238.6,4253.0,19.3065,343,1.44
2023-06-26,4302.15,4302.15,4224.5,4293.35,21.538,339,2.87
2023-06-27,4298.55,4346.25,4281.0,4301.55,15.669,348,0.57
2023-06-28,4328.5,4463.15,4305.0,4402.2,26.796,276,21.37
2023-06-30,4437.85,4458.9,4390.95,4446.0,25.3745,300,14.77
2023-07-03,4433.15,4494.75,4410.05,4430.25,26.1849,285,19.26
2023-07-04,4425.3,4460.0,4377.6,4386.65,26.5532,279,21.19
2023-07-05,4386.6,4450.0,4386.6,4419.7,27.7521,260,26.76
2023-07-06,4432.0,4457.5,4412.0,4428.5,27.7095,262,26.4
2023-07-07,4394.4,4450.0,4374.0,4415.75,27.7122,262,26.61
2023-07-10,4418.85,4437.95,4375.1,4389.75,28.7579,246,31.28
2023-07-11,4407.95,4528.0,4407.95,4511.1,29.2769,243,32.31
2023-07-12,4526.6,4563.85,4492.9,4539.0,28.8749,246,31.67
2023-07-13,4558.95,4563.0,4411.2,4426.8,28.4703,255,29.36
2023-07-14,4490.55,4490.55,4361.55,4401.75,25.1493,315,12.98
2023-07-17,4420.05,4462.0,4395.05,4436.25,28.9221,246,32.23
2023-07-18,4449.7,4545.0,4425.0,4491.25,30.168,232,36.26
2023-07-19,4501.2,4607.15,4500.55,4511.85,31.2811,221,39.45
2023-07-20,4510.95,4513.5,4151.15,4219.0,41.8243,72,80.6
2023-07-21,4217.75,4324.2,4198.4,4233.9,34.905,186,49.59
2023-07-24,4280.85,4350.05,4267.95,4321.55,32.1927,215,41.58
2023-07-25,4330.0,4362.7,4276.6,4347.2,25.0205,324,12.2
2023-07-26,4352.4,4425.15,4334.15,4404.65,27.2023,283,23.51
2023-07-27,4428.8,4485.7,4377.0,4410.25,26.8757,289,22.1
2023-07-28,4440.0,4580.0,4440.0,4559.9,28.4886,260,30.11
2023-07-31,4564.05,4642.1,4542.05,4588.3,28.0959,269,27.88
2023-08-01,4613.8,4616.65,4530.0,4547.05,36.0042,168,55.35
2023-08-02,4529.0,4579.65,4414.35,4442.6,28.9526,252,32.8
2023-08-03,4425.15,4463.5,4355.25,4402.9,26.7663,296,21.28
2023-08-04,4355.05,4474.0,4350.0,4461.3,31.0115,229,39.26
2023-08-07,4478.25,4567.0,4431.1,4544.65,30.3846,236,37.57
2023-08-08,4532.6,4544.45,4468.5,4501.15,30.6869,232,38.79
2023-08-09,4476.5,4585.2,4432.0,4541.05,31.5507,221,41.84
2023-08-10,4525.95,4569.95,4495.0,4518.25,32.2072,216,43.31
2023-08-11,4523.65,4572.0,4505.0,4537.95,34.6743,190,50.52
2023-08-14,4499.0,4499.0,4257.9,4361.05,29.3749,251,34.46
2023-08-16,4381.0,4381.0,4262.3,4313.4,27.8815,280,27.08
2023-08-17,4325.25,4353.65,4285.0,4315.5,25.5031,330,14.29
2023-08-18,4311.8,4341.0,4275.0,4282.9,24.2525,354,8.29
2023-08-21,4293.55,4338.0,4250.55,4327.25,24.2017,357,7.75
2023-08-22,4337.0,4340.3,4294.0,4333.75,23.3267,369,4.9
2023-08-23,4335.35,4351.95,4300.0,4309.0,24.2293,356,8.48
2023-08-24,4325.2,4391.9,4320.0,4335.7,27.511,290,25.64
2023-08-25,4322.15,4345.2,4218.7,4244.5,22.9482,376,3.84
2023-08-28,4258.9,4306.0,4239.95,4273.95,37.786,145,63.27
2023-08-29,4276.05,4336.65,4254.15,4322.45,29.1403,259,34.1
2023-08-30,4332.0,4365.6,4320.0,4334.85,26.6021,310,21.32
2023-08-31,4339.0,4401.5,4311.2,4383.8,24.089,365,7.59
2023-09-01,4410.0,4420.0,4290.2,4307.5,25.1266,344,13.13
2023-09-04,4310.3,4348.0,4262.95,4332.8,26.0783,322,18.89
2023-09-05,4345.0,4464.4,4344.95,4455.85,34.9394,188,53.02
2023-09-06,4470.0,4551.0,4455.0,4516.1,25.9072,326,18.3
2023-09-07,4503.45,4514.0,4455.0,4463.2,25.0402,348,13.0
2023-09-08,4498.55,4527.3,4456.0,4481.85,26.0624,325,18.95
2023-09-11,4503.85,4697.75,4503.85,4628.9,31.0527,234,41.79
2023-09-12,4630.75,4634.8,4391.0,4405.0,31.2334,231,42.68
2023-09-13,4418.95,4418.95,4276.0,4356.25,30.2545,245,39.36
2023-09-14,4369.15,4390.9,4326.05,4370.75,34.9476,188,53.83
2023-09-15,4389.0,4395.3,4342.15,4381.3,29.6394,254,37.44
2023-09-18,4364.95,4381.7,4318.5,4327.0,30.5526,243,40.29
2023-09-20,4296.7,4435.0,4296.0,4343.25,32.3657,220,46.08
2023-09-21,4348.8,4361.0,4266.0,4288.75,29.4562,258,36.92
2023-09-22,4312.95,4312.95,4178.2,4197.9,24.6984,361,11.95
2023-09-25,4205.6,4205.6,4131.15,4180.55,24.3228,369,10.22
2023-09-26,4182.95,4220.5,4131.8,4199.25,20.7012,402,2.43
2023-09-27,4229.8,4245.95,4167.05,4238.35,24.3458,369,10.65
2023-09-28,4217.15,4248.95,4098.15,4112.05,34.017,202,51.45
2023-09-29,4155.9,4177.8,4117.05,4125.6,26.2655,327,21.2
2023-10-03,4115.1,4175.0,4083.15,4117.9,27.2047,308,25.96
2023-10-04,4131.45,4131.45,3996.4,4020.15,25.1844,356,14.63
2023-10-05,4080.0,4131.7,4021.9,4087.7,26.2542,329,21.29
2023-10-06,4097.95,4153.4,4090.75,4140.3,25.1972,356,15.04
2023-10-09,4124.75,4128.95,4060.0,4099.8,26.7609,319,24.05
2023-10-10,4108.7,4212.0,4093.0,4199.8,25.9294,340,19.24
2023-10-11,4201.95,4229.9,4176.6,4190.55,25.3477,355,15.88
2023-10-12,4201.0,4240.0,4194.9,4221.8,24.1125,391,7.57
2023-10-13,4209.0,4238.7,4193.55,4229.5,23.8299,398,6.13
2023-10-16,4230.4,4299.8,4204.55,4283.05,24.2949,381,10.35
2023-10-17,4320.1,4320.1,4256.8,4290.7,23.4667,404,5.16
2023-10-18,4247.1,4339.0,4096.05,4110.75,31.6169,227,46.84
2023-10-19,4092.25,4132.8,4039.7,4099.6,28.2573,289,32.48
2023-10-20,4058.65,4099.0,4001.0,4020.05,18.1462,424,1.17
2023-10-23,4028.65,4046.95,3935.7,3945.45,30.5983,245,43.02
2023-10-25,3945.9,4023.95,3898.4,3930.3,34.5428,194,55.22
2023-10-26,3918.0,3959.95,3844.2,3952.4,26.3585,332,23.15
2023-10-27,3999.95,4100.95,3994.1,4035.35,25.3577,359,17.09
2023-10-30,4041.9,4130.1,4012.5,4089.65,25.0757,372,14.29
2023-10-31,4126.0,4150.05,4055.75,4133.25,25.8334,349,19.77
2023-11-01,4149.1,4172.0,4077.0,4081.65,26.332,333,23.62
2023-11-02,4100.2,4140.05,4098.0,4105.7,23.8551,407,6.86
2023-11-03,4135.1,4206.0,4106.7,4191.65,23.0392,418,4.57
2023-11-06,4224.6,4234.0,4156.0,4218.05,23.8724,407,7.29
2023-11-07,4210.0,4250.0,4185.0,4230.85,24.9182,379,13.86
2023-11-08,4244.9,4309.0,4230.15,4297.3,29.0651,274,37.87
2023-11-09,4299.85,4397.0,4231.0,4326.2,33.5843,210,52.71
2023-11-10,4325.05,4398.6,4234.0,4257.7,26.2106,339,23.48
2023-11-12,4271.95,4289.0,4217.0,4245.35,27.0694,317,28.6
2023-11-13,4243.95,4323.25,4210.0,4278.5,27.7441,301,32.36
2023-11-15,4295.5,4314.7,4261.0,4268.9,27.9459,297,33.41
2023-11-16,4268.85,4272.65,4218.6,4244.45,28.3903,290,35.12
2023-11-17,4239.0,4316.0,4221.25,4301.95,27.6178,308,31.25
2023-11-20,4307.1,4370.2,4303.1,4351.9,28.3507,291,35.19
2023-11-21,4380.25,4442.9,4339.4,4353.2,27.8224,302,32.89
2023-11-22,4353.85,4378.9,4229.0,4244.3,27.6535,310,31.26
2023-11-23,4245.4,4282.2,4226.35,4260.1,24.294,403,10.84
2023-11-24,4241.2,4278.95,4228.1,4258.25,19.7616,442,2.43
2023-11-28,4274.75,4274.75,4192.0,4254.3,25.1683,381,16.08
2023-11-29,4249.7,4272.2,4224.45,4238.5,30.5924,248,45.49
2023-11-30,4239.5,4458.7,4229.75,4411.45,28.4455,290,36.4
2023-12-01,4470.4,4478.55,4407.35,4420.2,26.4195,343,24.95
2023-12-04,4460.0,4708.0,4457.4,4662.35,28.4716,289,36.9
2023-12-05,4694.85,4880.0,4614.35,4863.1,34.7734,192,58.39
2023-12-06,4847.2,4905.9,4750.0,4766.05,32.0109,228,50.43
2023-12-07,4818.95,4819.0,4728.05,4769.35,29.5376,266,42.3
2023-12-08,4789.6,4860.0,4702.5,4758.45,32.2134,225,51.3
2023-12-11,4784.15,4848.0,4778.75,4811.75,33.1401,217,53.13
2023-12-12,4842.6,4845.75,4716.5,4747.2,34.5723,195,58.19
2023-12-13,4748.15,4811.0,4703.65,4797.8,33.3469,215,53.98
2023-12-14,4830.2,4860.0,4770.05,4819.75,35.369,177,62.23
2023-12-15,4859.9,4950.0,4788.3,4848.25,37.8956,144,69.38
2023-12-18,4840.75,4978.0,4790.1,4910.55,38.9849,132,72.01
2023-12-19,4851.0,4929.3,4808.45,4846.2,38.2135,139,70.58
2023-12-20,4890.35,4906.2,4568.8,4617.2,37.1722,163,65.53
2023-12-21,4544.1,4721.55,4529.6,4703.9,27.5772,327,30.57
2023-12-22,4724.7,4777.55,4694.7,4757.0,25.1046,403,14.62
2023-12-26,4753.55,4827.55,4724.95,4783.65,33.1955,222,53.07
2023-12-27,4800.05,4828.05,4730.5,4744.1,35.128,190,60.13
2023-12-28,4729.3,4785.0,4631.15,4649.1,34.4812,206,56.84
2023-12-29,4693.9,4730.0,4662.25,4709.1,30.9141,258,45.8
2024-01-01,4716.75,4753.0,4696.0,4711.9,31.827,241,49.48
2024-01-02,4697.9,4745.5,4623.3,4728.95,31.5568,245,48.74
2024-01-03,4709.45,4861.7,4709.45,4807.9,33.4341,222,53.86
2024-01-04,4812.05,4888.0,4803.4,4849.65,30.8579,262,45.42
2024-01-05,4851.4,4931.6,4816.5,4848.7,32.5234,231,51.98
2024-01-08,4853.45,4853.45,4745.1,4765.7,30.7021,265,45.02
2024-01-09,4811.85,4995.0,4808.2,4934.6,33.4636,221,54.45
2024-01-10,4939.95,4970.0,4881.65,4958.6,32.7771,230,52.48
2024-01-11,4958.6,5014.3,4880.0,4890.4,33.5231,220,54.85
2024-01-12,4901.6,4910.0,4777.9,4800.6,32.198,243,50.0
2024-01-15,4800.6,4807.2,4735.0,4763.4,36.0364,173,64.68
2024-01-16,4768.05,4842.0,4754.35,4808.2,35.0098,193,60.66
2024-01-17,4761.7,4869.1,4737.55,4774.35,36.7205,166,66.26
2024-01-18,4721.0,4792.7,4658.0,4718.65,34.351,212,56.94
2024-01-19,4748.75,4853.95,4748.75,4835.55,32.7917,235,52.14
2024-01-20,4803.0,4855.9,4729.85,4744.35,27.7844,338,31.3
2024-01-23,4719.15,4888.0,4718.0,4750.05,39.6562,114,77.08
2024-01-24,4737.3,4801.0,4593.3,4735.7,47.9197,41,91.9
2024-01-25,4772.25,4780.75,4652.0,4733.3,28.6018,316,36.16
2024-01-29,4785.0,4834.1,4737.35,4817.25,32.7447,239,51.81
2024-01-30,4839.95,4898.0,4752.45,4766.7,29.4563,298,40.04
2024-01-31,4783.95,4795.65,4663.0,4704.8,34.2121,216,56.83
2024-02-01,4689.0,4733.4,4362.3,4551.4,26.9237,371,25.65
2024-02-02,4572.45,4602.95,4491.45,4505.1,35.5353,182,63.8
2024-02-05,4498.1,4568.0,4366.65,4388.25,38.9166,135,73.25
2024-02-06,4399.25,4443.0,4382.4,4428.2,27.9318,342,31.87
2024-02-07,4484.45,4644.0,4460.3,4591.35,37.4123,160,68.39
2024-02-08,4611.85,4611.85,4454.0,4464.0,43.8815,52,89.88
2024-02-09,4480.1,4511.05,4415.4,4503.5,41.8092,75,85.35
2024-02-12,4515.25,4563.8,4408.05,4427.8,44.7798,47,90.91
2024-02-13,4449.15,4489.9,4383.05,4465.1,44.2624,50,90.34
2024-02-14,4434.2,4623.0,4401.65,4579.95,42.5829,66,87.2
2024-02-15,4598.9,4601.3,4478.15,4489.7,49.2092,38,92.73
2024-02-16,4504.95,4559.95,4479.0,4530.45,47.2426,44,91.57
2024-02-19,4532.95,4533.05,4454.0,4501.65,56.9427,30,94.32
2024-02-20,4501.5,4558.1,4470.1,4532.1,62.7932,28,94.73
2024-02-21,4632.0,5025.0,4632.0,4999.8,46.9271,47,91.03
2024-02-22,5179.2,5449.0,5098.05,5428.1,42.9038,68,86.96
2024-02-23,5435.15,5515.15,5329.35,5405.6,35.9993,191,63.11
2024-02-26,5377.85,5443.4,5146.4,5300.05,33.1144,253,50.97
2024-02-27,5294.3,5466.1,5266.6,5445.5,37.964,159,69.44
2024-02-28,5500.45,5540.5,5370.4,5424.95,25.8781,421,18.73
2024-02-29,5443.9,5481.25,5340.35,5451.8,37.7564,165,68.4
2024-03-01,5510.0,5555.65,5475.0,5514.05,35.5266,199,61.92
2024-03-02,5525.05,5550.0,5516.05,5528.55,35.6269,198,62.19
2024-03-04,5536.6,5686.2,5508.75,5652.7,35.0816,214,59.2
2024-03-05,5650.25,5709.0,5601.15,5699.35,32.7313,262,49.9
2024-03-06,5689.45,5735.65,5604.1,5722.4,31.9594,278,46.95
2024-03-07,5739.0,5807.9,5690.55,5786.35,29.9214,317,39.62
2024-03-11,5809.8,5945.9,5780.1,5850.2,35.6567,198,62.55
2024-03-12,5846.3,5857.65,5728.0,5745.5,33.9155,243,54.08
2024-03-13,5752.2,5832.75,5603.0,5627.5,34.4443,233,56.06
2024-03-14,5600.0,5689.75,5540.9,5666.15,30.3659,314,40.64
2024-03-15,5650.0,5803.95,5604.55,5645.3,36.0453,191,64.15
2024-03-18,5632.55,5789.2,5630.1,5769.9,35.5428,201,62.34
2024-03-19,5777.15,5778.0,5631.2,5649.85,33.1522,262,50.75
2024-03-20,5696.9,5775.0,5560.1,5735.55,31.7473,286,46.34
2024-03-21,5765.05,5902.2,5751.0,5882.8,30.0525,324,39.33
2024-03-22,5882.8,6101.85,5832.55,5986.65,23.497,509,4.86
2024-03-26,5933.15,5990.05,5879.05,5955.9,28.354,364,32.09
2024-03-27,6060.0,6339.95,6060.0,6290.45,47.5912,46,91.62
2024-03-28,6277.0,6460.8,6220.05,6370.6,32.5235,272,49.44
2024-04-01,6458.95,6589.5,6445.4,6533.85,32.1698,284,47.31
2024-04-02,6574.6,6574.6,6417.6,6479.05,33.1017,266,50.74
2024-04-03,6490.75,6548.0,6460.0,6535.7,32.5793,273,49.54
2024-04-04,6560.9,6640.0,6520.5,6539.6,33.1102,266,50.92
2024-04-05,6556.0,6694.9,6530.0,6685.15,30.9889,310,42.91
2024-04-08,6676.75,6754.55,6642.0,6709.45,31.8008,292,46.32
2024-04-09,6687.35,6724.0,6529.0,6558.95,30.7534,316,42.02
2024-04-10,6612.0,6674.9,6577.1,6661.85,31.8116,292,46.52
2024-04-12,6651.6,6777.7,6647.7,6753.95,33.6767,252,54.11
2024-04-15,6809.95,6809.95,6571.4,6584.8,35.9405,197,64.23
2024-04-16,6580.0,6679.5,6525.0,6656.85,33.4725,257,53.37
2024-04-18,6643.35,6643.35,6311.0,6384.4,38.361,154,72.18
2024-04-19,6348.25,6379.85,6252.65,6302.05,33.3796,262,52.63
2024-04-22,6365.75,6531.0,6303.6,6516.85,33.8342,251,54.71
2024-04-23,6520.95,6549.9,6314.65,6325.25,38.1746,156,71.97
2024-04-24,6335.95,6391.85,6298.35,6354.35,34.6741,233,58.12
2024-04-25,6356.0,6460.0,6350.05,6435.1,31.5182,309,44.32
2024-04-26,6464.3,6508.95,6407.0,6431.9,32.7902,277,50.18
2024-04-29,6459.35,6493.4,6367.55,6480.05,33.3307,268,51.89
2024-04-30,6508.2,6669.7,6487.75,6569.05,32.5426,285,48.92
2024-05-02,6587.1,6779.35,6572.0,6722.25,34.9843,225,59.93
2024-05-03,6759.45,6846.95,6690.0,6758.5,34.9689,227,59.64
2024-05-06,6771.0,7066.6,6771.0,6972.55,37.8064,166,70.59
2024-05-07,7014.6,7065.0,6862.65,6930.9,39.1776,144,74.56
2024-05-08,6945.9,7242.95,6827.65,7218.6,39.7847,124,78.15
2024-05-09,7219.95,7220.0,7008.95,7036.55,42.4267,76,86.7
2024-05-10,7066.0,7249.9,7060.0,7222.3,43.0546,68,88.14
2024-05-13,7550.0,8035.0,7352.0,8006.85,39.9737,121,78.8
2024-05-14,8044.7,8137.0,7935.0,8097.85,36.4513,196,65.61
2024-05-15,8100.2,8152.45,7984.5,8097.65,35.2332,224,60.74
2024-05-16,8067.0,8398.05,8050.0,8311.0,34.5495,245,57.12
2024-05-17,8328.95,8415.0,8264.7,8399.1,32.445,302,47.02
2024-05-18,8421.95,8429.0,8390.15,8419.65,33.8859,264,53.94
2024-05-21,8391.2,8595.0,8386.2,8553.7,37.2339,187,67.48
2024-05-22,8551.0,8595.0,8406.0,8431.7,34.2529,257,55.32
2024-05-23,8404.15,8495.0,8361.7,8445.0,32.5581,299,47.91
2024-05-24,8449.0,8525.15,8365.1,8454.25,26.7321,451,21.57
2024-05-27,8459.85,8497.9,8285.9,8432.95,30.2569,357,38.02
2024-05-28,8399.8,8402.85,8200.25,8263.1,31.919,318,44.89
2024-05-29,8170.0,8270.15,8170.0,8221.05,23.8056,547,5.36
2024-05-30,8220.9,8286.5,8130.0,8260.4,38.6249,155,73.4
2024-05-31,8344.95,8388.0,8230.0,8358.65,40.1046,119,79.66
2024-06-03,8500.0,8815.0,8452.15,8767.65,40.6659,105,82.1
2024-06-04,8730.4,8798.9,7014.15,7677.15,48.1823,43,92.78
2024-06-05,7800.0,7900.0,7260.0,7843.7,44.325,57,90.39
2024-06-06,7830.0,8188.4,7830.0,8031.7,43.3979,67,88.7
2024-06-07,8101.0,8128.9,7940.0,8100.0,35.9363,214,63.59
2024-06-10,8168.9,8231.0,8024.0,8100.8,35.4177,225,61.77
2024-06-11,8123.9,8351.0,8112.2,8130.6,37.2974,193,67.29
2024-06-12,8150.65,8358.95,8150.65,8314.65,33.9132,274,53.57
2024-06-13,8378.05,8524.95,8325.15,8480.7,32.6064,308,47.71
2024-06-14,8482.35,9155.2,8466.75,9046.25,35.2178,235,60.34
2024-06-18,9100.05,9136.9,8825.65,8895.1,39.394,144,75.8
2024-06-19,8901.1,8938.45,8535.0,8562.85,39.3258,147,75.34
2024-06-20,8571.1,8685.55,8400.4,8558.75,35.1464,241,59.53
2024-06-21,8573.0,8644.05,8384.55,8425.2,31.8724,334,43.77
2024-06-24,8373.7,8580.0,8299.85,8476.45,32.3727,324,45.55
2024-06-25,8491.2,8601.25,8392.6,8405.35,31.1507,354,40.6
2024-06-26,8410.2,8437.45,8250.0,8394.4,31.455,348,41.71
2024-06-27,8363.55,8713.95,8330.65,8601.7,43.0322,72,88.13
2024-06-28,8729.9,8743.9,8488.65,8531.55,35.3962,230,61.77
2024-07-01,8520.9,8705.0,8505.6,8656.1,35.331,233,61.33
2024-07-02,8690.3,8719.9,8456.4,8557.95,0.0,600,0.17
2024-07-03,8560.0,8690.0,8559.5,8663.25,34.5358,264,56.31
2024-07-04,8700.0,8848.0,8613.0,8746.5,34.3408,273,54.89
2024-07-05,8714.4,8756.85,8640.95,8725.9,33.002,310,48.68
2024-07-08,8816.9,8816.9,8513.1,8579.8,37.2051,200,67.11
2024-07-09,8609.5,8730.0,8588.65,8632.4,37.4467,190,68.81
2024-07-10,8648.75,8648.75,8395.0,8576.55,38.2795,169,72.32
2024-07-11,8570.0,8610.0,8457.5,8485.0,40.0056,127,79.28
2024-07-12,8465.9,8497.6,8195.9,8212.7,39.0791,159,74.06
2024-07-15,8200.05,8294.65,8083.05,8264.55,43.2832,70,88.69
2024-07-16,8264.0,8300.75,8190.0,8241.3,0.0,609,0.25
2024-07-18,8244.25,8254.45,7715.35,7901.35,41.3636,104,83.17
2024-07-19,7905.0,7925.0,7604.1,7625.65,40.7466,111,82.06
2024-07-22,7557.9,7770.0,7457.55,7716.65,46.3473,51,91.86
2024-07-23,7734.75,7813.4,7040.95,7493.65,41.9823,88,85.85
2024-07-24,7540.0,7619.0,7421.35,7512.1,29.2825,416,32.47
2024-07-25,7500.0,7750.0,7414.5,7597.55,34.8882,266,57.05
2024-07-26,7765.15,7906.35,7680.35,7885.15,30.9915,377,39.0
2024-07-29,7892.45,8036.05,7845.05,8007.4,31.1899,371,40.06
2024-07-30,8005.0,8085.65,7881.35,7897.8,32.9092,322,48.06
2024-07-31,7871.9,7998.0,7846.0,7950.6,34.2751,286,54.11
2024-08-01,7963.55,7983.75,7787.9,7818.2,33.5525,304,51.29
2024-08-02,7754.9,7803.9,7580.0,7601.35,35.8482,231,63.08
2024-08-05,7519.65,7635.7,7262.0,7511.1,39.4822,148,76.44
2024-08-06,7507.3,7684.1,7434.3,7470.85,41.3602,107,83.04
2024-08-07,7568.4,7955.0,7502.8,7909.85,40.2109,129,79.55
2024-08-08,7871.75,8165.7,7810.0,7960.15,40.6208,117,81.5
2024-08-09,8150.0,8274.75,7920.35,7981.95,33.1237,325,48.25
2024-08-12,7975.0,7975.0,7640.05,7674.9,35.8453,236,62.64
2024-08-13,7740.9,7777.65,7536.65,7560.1,35.5517,240,62.06
2024-08-14,7556.6,7815.95,7464.6,7767.5,32.0362,360,42.95
2024-08-16,7834.9,7936.0,7733.3,7924.3,28.9488,438,30.7
2024-08-19,7951.15,7993.4,7815.55,7834.65,31.1795,384,39.34
2024-08-20,7891.55,7891.55,7732.8,7811.1,28.957,438,30.91
2024-08-21,7798.0,7919.0,7772.6,7910.05,27.463,488,23.15
2024-08-22,7919.3,7926.45,7825.0,7857.3,29.2854,431,32.23
2024-08-23,7853.85,7906.75,7788.8,7804.7,25.029,566,11.15
2024-08-26,7783.2,7840.5,7707.45,7786.85,27.459,490,23.2
2024-08-27,7815.4,8029.95,7814.35,7894.95,36.1887,225,64.95
2024-08-28,7915.0,7941.15,7831.9,7920.1,37.0068,217,66.25
2024-08-29,7915.2,7997.4,7768.95,7850.95,29.5602,423,34.01
2024-08-30,7895.2,8010.0,7890.0,7986.85,29.9075,420,34.58
2024-09-02,7990.0,7999.8,7683.75,7743.15,30.9193,396,38.41
2024-09-03,7749.95,7864.25,7715.05,7797.6,30.801,399,38.04
2024-09-04,7735.25,7784.95,7615.1,7676.15,31.081,391,39.38
2024-09-05,7706.7,7706.7,7635.0,7668.65,30.6707,405,37.31
2024-09-06,7657.0,7657.0,7511.05,7526.4,31.1342,389,39.88
2024-09-09,7512.9,7624.0,7441.55,7610.35,29.936,424,34.57
2024-09-10,7614.8,7634.4,7541.35,7565.45,29.9841,424,34.67
2024-09-11,7562.0,7674.25,7540.55,7577.4,30.243,418,35.69
2024-09-12,7649.4,7763.0,7634.1,7729.15,27.8128,486,25.35
2024-09-13,7739.0,7891.15,7677.0,7705.35,28.1723,479,26.53
2024-09-16,7683.6,7915.4,7683.6,7791.55,30.4411,414,36.6
2024-09-17,7797.8,7885.0,7776.65,7874.5,30.7784,403,38.38
2024-09-18,7845.05,7918.0,7767.5,7786.95,30.7282,405,38.17
2024-09-19,7861.7,7861.7,7363.9,7524.8,31.415,380,42.07
2024-09-20,7582.35,7759.95,7529.05,7707.65,26.186,544,17.2
2024-09-23,7788.1,7959.95,7771.9,7945.2,32.2639,356,45.9
2024-09-24,7975.2,8113.2,7912.15,8090.8,29.3038,447,32.17
2024-09-25,8093.5,8183.95,7996.9,8164.55,29.2265,453,31.36
2024-09-26,8181.45,8198.1,7963.45,8051.9,29.3897,444,32.83
2024-09-27,8139.9,8248.2,8115.0,8203.6,28.1864,487,26.44
2024-09-30,8106.95,8250.0,8072.1,8125.5,30.4081,419,36.8
2024-10-01,8149.85,8375.0,8142.15,8340.7,27.6283,506,23.8
2024-10-03,8272.7,8316.3,8111.0,8163.95,29.5013,441,33.68
2024-10-04,8182.85,8182.85,7950.0,7986.15,28.2115,489,26.58
2024-10-07,8000.05,8108.05,7709.25,7794.0,30.2836,422,36.73
2024-10-08,7846.2,8208.0,7789.5,8188.1,29.3518,449,32.78
2024-10-09,8168.95,8621.0,8134.9,8506.15,27.4796,518,22.57
2024-10-10,8535.65,8663.5,8472.0,8541.65,26.0139,564,15.82
2024-10-11,8531.35,8647.95,8471.3,8577.9,25.5574,580,13.56
2024-10-14,8615.0,8725.75,8594.3,8612.2,26.191,556,17.26
2024-10-15,8676.75,8717.55,8574.5,8685.95,25.4598,583,13.37
2024-10-16,8670.0,8958.25,8657.85,8799.05,28.9543,464,31.16
2024-10-17,8785.5,8835.0,8430.0,8723.7,29.2141,459,32.0
2024-10-18,8645.35,8897.15,8594.7,8820.25,25.8781,571,15.46
2024-10-21,8906.45,8906.65,8261.5,8293.8,32.6727,342,49.48
2024-10-22,8201.85,8386.5,8160.0,8180.25,31.7602,372,45.13
2024-10-23,8180.25,8230.95,7625.0,7703.1,38.2239,181,73.49
2024-10-24,7698.95,7912.8,7600.0,7676.8,33.8577,308,54.85
2024-10-25,7728.95,7750.75,7410.0,7517.6,31.2182,391,42.58
2024-10-28,7531.35,7564.55,7325.4,7358.35,41.5108,104,84.9
2024-10-29,7341.0,7508.15,7194.7,7494.5,36.6406,222,67.64
2024-10-30,7515.65,7539.85,7383.0,7430.1,26.2462,563,17.69
2024-10-31,7482.25,7482.25,7317.7,7433.75,43.5,66,90.51
2024-11-01,7510.3,7524.95,7412.0,7429.9,45.2009,55,92.13
2024-11-04,7440.2,7457.05,7280.0,7378.9,46.2747,52,92.58
2024-11-05,7449.0,7460.0,6955.5,7167.7,32.3046,364,47.09
2024-11-06,7192.75,7224.95,7055.0,7185.4,30.4795,428,37.88
2024-11-07,7180.0,7255.0,7004.4,7030.45,29.6436,450,34.78
2024-11-08,7039.65,7146.0,6975.2,7066.8,28.7118,485,29.81
2024-11-11,7044.0,7280.0,7015.0,7247.2,27.4206,538,22.25
2024-11-12,7290.35,7314.95,6960.55,6985.5,31.318,395,43.0
2024-11-13,6979.9,7013.8,6801.8,6823.45,29.876,449,35.3
2024-11-14,6874.7,6874.7,6650.45,6700.3,28.6478,489,29.64
2024-11-18,6661.0,6748.0,6624.7,6643.45,30.2812,436,37.36
2024-11-19,6653.4,6800.0,6646.7,6693.4,31.2354,397,43.04
2024-11-21,6681.1,6827.85,6612.35,6774.55,31.6552,384,44.99
2024-11-22,6832.05,6947.0,6751.85,6909.85,27.9607,517,26.04
2024-11-25,7025.0,7313.55,7025.0,7260.0,34.6413,287,59.14
2024-11-26,7245.0,7390.95,7200.0,7336.55,37.23,216,69.33
2024-11-27,7343.3,7530.55,7318.1,7488.0,24.7657,634,9.54
2024-11-28,7492.85,7506.95,7360.55,7404.75,28.6632,494,29.73
2024-11-29,7444.9,7516.0,7414.35,7472.45,26.9009,561,20.31
2024-12-02,7457.4,7537.35,7380.1,7520.5,27.944,522,25.96
2024-12-03,7553.0,7656.75,7510.0,7576.9,27.5072,545,22.8
2024-12-04,7600.0,7737.8,7600.0,7683.25,28.568,498,29.56
2024-12-05,7697.1,7700.0,7455.0,7523.45,27.8438,527,25.56
2024-12-06,7547.55,7595.1,7507.1,7570.35,26.5809,575,18.9
2024-12-09,7538.85,7675.0,7538.85,7602.65,26.961,563,20.7
2024-12-10,7631.8,7743.4,7593.3,7723.9,27.473,549,22.78
2024-12-11,7770.0,7809.0,7680.1,7744.0,25.46,619,12.92
2024-12-12,7727.45,7756.25,7652.25,7676.3,25.8418,608,14.59
2024-12-13,7647.25,7743.95,7571.5,7714.1,24.0062,673,5.6
2024-12-16,7733.95,7958.0,7694.45,7896.55,27.8077,531,25.73
2024-12-17,7895.1,7973.9,7812.2,7846.15,26.6055,577,19.41
2024-12-18,7772.2,7825.45,7621.0,7672.5,26.8666,570,20.5
2024-12-19,7647.05,7647.05,7334.0,7354.75,28.4186,507,29.39
2024-12-20,7369.7,7416.95,6892.9,6926.8,32.2405,368,48.82
2024-12-23,6955.15,7067.0,6890.75,6967.55,29.6776,457,36.53
2024-12-24,6985.1,6993.55,6835.0,6882.15,23.1639,695,3.47
2024-12-26,6882.8,6948.4,6844.8,6930.35,24.8375,651,9.7
2024-12-27,7032.35,7050.5,6880.0,6903.05,25.2192,635,12.03
2024-12-30,6880.0,6925.0,6740.2,6770.3,27.5948,545,24.72
2024-12-31,6787.5,6981.5,6759.6,6943.95,27.2732,561,22.62
2025-01-01,6944.95,6980.0,6876.6,6955.6,26.1557,604,16.8
2025-01-02,6811.85,6970.35,6811.85,6938.8,25.8891,614,15.54
2025-01-03,6925.0,6970.3,6802.25,6822.75,26.8668,575,21.02
2025-01-06,6845.9,6845.9,6605.0,6638.75,28.8204,493,32.37
2025-01-07,6670.2,6756.85,6646.35,6725.65,27.8368,532,27.12
2025-01-08,6692.65,6729.7,6590.8,6681.7,27.4576,559,23.53
2025-01-09,6620.35,6724.5,6496.1,6516.6,28.4785,507,30.74
2025-01-10,6526.4,6567.2,6383.75,6425.3,29.3723,471,35.74
2025-01-13,6424.3,6424.3,6106.85,6129.7,32.7234,349,52.45
2025-01-14,6179.85,6277.5,6089.0,6178.85,31.7398,386,47.48
2025-01-15,6218.0,6255.0,6120.0,6211.25,32.2076,371,49.59
2025-01-16,6241.7,6360.4,6239.65,6319.45,32.1124,376,48.98
2025-01-17,6274.6,6555.0,6270.35,6528.45,32.3975,364,50.68
2025-01-20,6500.05,6596.15,6473.2,6538.85,31.7335,390,47.23
2025-01-21,6532.45,6550.0,6281.65,6299.75,33.9388,310,58.24
2025-01-22,6283.6,6337.35,6128.0,6300.5,34.0665,306,58.84
2025-01-23,6360.9,6505.5,6275.95,6347.05,34.094,306,58.89
2025-01-24,6314.25,6384.8,6150.75,6170.65,35.9329,242,67.56
2025-01-27,6123.1,6168.0,6009.65,6082.35,48.6609,42,94.49
2025-01-28,6121.45,6194.65,5917.05,6013.6,49.1784,41,94.63
2025-01-29,6058.6,6145.75,6023.0,6105.0,39.7172,151,79.89
2025-01-30,6116.75,6127.3,5687.15,5719.0,47.3042,50,93.44
2025-01-31,5765.0,5973.2,5732.65,5912.45,41.112,115,84.76
2025-02-01,5941.95,5948.25,5421.8,5508.9,42.7598,84,88.92
2025-02-03,5459.6,5460.65,5132.0,5227.95,46.0204,57,92.53
2025-02-04,5305.05,5655.7,5305.0,5641.6,43.1615,80,89.48
2025-02-05,5675.55,5829.0,5655.75,5769.55,40.0281,146,80.72
2025-02-06,5810.0,5890.0,5656.1,5696.0,42.3097,94,87.65
2025-02-07,5676.65,5768.0,5610.15,5703.45,41.0746,121,84.08
2025-02-10,5697.05,5713.9,5581.95,5605.2,42.8332,86,88.74
2025-02-11,5602.2,5602.2,5425.0,5447.7,43.3182,78,89.81
2025-02-12,5519.45,5535.05,5240.25,5477.4,43.0617,82,89.3
2025-02-13,5475.0,5592.0,5419.25,5464.3,45.876,59,92.35
2025-02-14,5504.75,5507.3,5232.05,5274.6,48.1811,46,94.07
2025-02-17,5262.0,5288.75,5160.95,5261.25,52.8355,35,95.53
2025-02-18,5378.9,5509.7,5100.05,5148.55,45.9922,60,92.25
2025-02-19,5080.0,5195.95,5018.6,5137.2,39.2939,184,75.92
2025-02-20,5114.8,5354.65,5081.1,5342.8,34.3959,317,58.45
2025-02-21,5313.25,5372.95,5191.1,5286.0,30.2567,472,38.09
2025-02-24,5252.0,5407.8,5190.0,5387.55,38.0417,208,72.81
2025-02-25,5362.05,5396.1,5251.85,5306.9,29.8947,486,36.42
2025-02-27,5306.9,5306.9,5105.35,5138.3,34.9605,299,61.02
2025-02-28,5163.0,5163.0,4946.05,4966.55,36.0542,254,66.93
2025-03-03,4990.0,5175.0,4920.95,5121.4,37.1039,240,68.79
2025-03-04,5045.0,5241.0,5038.7,5216.2,37.2944,234,69.61
2025-03-05,5137.3,5383.0,5137.3,5340.95,34.9834,300,61.09
2025-03-06,5345.85,5450.0,5304.65,5383.55,34.5783,314,59.33
2025-03-07,5361.85,5378.2,5293.05,5345.05,34.2268,332,57.05
2025-03-10,5392.4,5419.5,5163.15,5177.15,36.188,255,67.05
2025-03-11,5100.0,5205.0,5087.55,5150.45,35.9399,264,65.94
2025-03-12,5182.25,5190.9,5046.05,5158.6,33.8211,350,54.9
2025-03-13,5166.65,5320.0,5122.9,5133.15,34.1979,336,56.76
2025-03-17,5197.65,5220.75,5110.15,5201.4,35.5006,280,64.01
2025-03-18,5230.1,5428.8,5230.05,5411.0,33.4227,365,53.15
2025-03-19,5427.9,5528.0,5361.0,5490.05,35.5788,274,64.87
2025-03-20,5485.35,5502.6,5343.05,5471.25,33.171,374,51.98
2025-03-21,5440.15,5571.2,5440.15,5468.65,30.6116,474,39.26
2025-03-24,5499.95,5593.85,5498.15,5530.0,37.6008,224,71.39
2025-03-25,5594.95,5594.95,5392.85,5407.15,35.9119,269,65.69
2025-03-26,5434.55,5612.2,5395.8,5518.25,35.4465,284,63.82
2025-03-27,5499.95,5579.85,5441.1,5536.0,36.5736,249,68.32
2025-03-28,5580.4,5664.0,5518.0,5559.95,35.2979,292,62.9
2025-04-01,5527.2,5570.3,5392.2,5413.95,35.3489,290,63.2
2025-04-02,5428.0,5444.1,5238.5,5342.15,35.6364,276,65.02
2025-04-03,5280.9,5380.0,5249.05,5348.3,33.7048,364,53.92
2025-04-04,5301.1,5359.75,5077.55,5100.75,35.6863,275,65.23
2025-04-07,4750.15,5039.0,4750.1,4986.15,48.1973,46,94.32
2025-04-08,5051.2,5137.0,4986.15,5081.4,41.0496,131,83.61
2025-04-09,5070.0,5096.0,4980.5,5052.7,42.6358,96,88.04
2025-04-11,5127.9,5179.25,5070.0,5144.25,39.6855,170,78.74
2025-04-15,5169.5,5302.5,5162.0,5259.5,37.8467,219,72.49
2025-04-16,5298.5,5457.0,5257.0,5378.0,38.9136,198,75.16
2025-04-17,5389.0,5640.0,5288.0,5575.5,33.461,379,52.51
2025-04-21,5650.0,5679.5,5507.5,5617.5,37.9763,217,72.84
2025-04-22,5616.0,5705.0,5584.0,5669.5,35.2675,307,61.62
2025-04-23,5685.0,5787.5,5596.5,5702.0,38.8034,199,75.16
2025-04-24,5709.5,5721.5,5610.0,5680.5,36.5227,259,67.71
2025-04-25,5690.5,5699.5,5366.5,5477.0,38.3497,208,74.1
2025-04-28,5383.0,5550.0,5380.0,5535.0,38.377,206,74.38
2025-04-29,5550.5,5620.0,5542.0,5574.0,38.8122,199,75.28
2025-04-30,5580.0,5580.0,5456.5,5491.0,41.2669,128,84.24
2025-05-02,5509.5,5544.5,5430.5,5454.5,41.6146,120,85.25
2025-05-05,5491.5,5517.0,5429.5,5503.5,44.0153,73,91.09
2025-05-06,5481.0,5502.5,5318.5,5342.5,45.4761,65,92.09
2025-05-07,5320.5,5458.5,5316.5,5410.0,44.3028,71,91.36
2025-05-08,5430.5,5437.0,5249.0,5294.5,46.7654,57,93.09
2025-05-09,5212.0,5480.0,5210.5,5457.5,44.9406,68,91.75
2025-05-12,5540.0,5739.0,5493.0,5618.0,34.9412,337,58.55
2025-05-13,5596.5,5720.0,5550.0,5658.0,34.5487,350,57.0
2025-05-14,5662.0,5768.0,5615.0,5659.5,34.1466,369,54.72
2025-05-15,5665.0,5767.5,5632.0,5757.5,32.3902,438,46.2
2025-05-16,5729.0,5892.0,5720.5,5842.0,31.1327,488,40.15
2025-05-19,5860.0,5925.5,5835.5,5843.5,32.8343,416,49.02
2025-05-20,5890.0,5916.0,5726.5,5748.0,33.2365,404,50.55
2025-05-21,5741.0,5927.5,5724.5,5905.5,33.0841,415,49.27
2025-05-22,5905.0,5973.5,5840.0,5930.0,31.5231,474,42.14
2025-05-23,5945.0,5997.5,5879.0,5971.5,31.0048,498,39.29
2025-05-26,5979.5,6052.0,5975.0,5997.5,37.3556,249,69.74
2025-05-27,5987.5,6052.5,5955.5,6011.5,32.6574,429,47.82
2025-05-28,6018.5,6064.5,5980.0,6017.0,25.8178,718,12.73
2025-05-29,6040.5,6073.0,5986.5,6047.5,30.83,507,38.5
2025-05-30,6116.0,6149.0,5986.0,6006.5,31.3483,483,41.48
2025-06-02,5963.0,6029.0,5919.5,6011.5,32.6274,430,47.95
2025-06-03,6011.5,6115.0,6000.0,6021.5,32.3976,442,46.56
2025-06-04,6020.5,6079.5,5994.0,6063.5,31.053,501,39.52
2025-06-05,6057.0,6114.0,6033.0,6054.0,30.3666,532,35.86
2025-06-06,6081.0,6198.5,6051.0,6084.5,31.3367,486,41.47
2025-06-09,6100.0,6252.0,6087.0,6229.5,29.5079,561,32.53
2025-06-10,6235.5,6251.0,6181.5,6190.0,29.679,554,33.45
2025-06-11,6213.5,6213.5,6054.0,6095.5,29.3948,568,31.86
2025-06-12,6115.5,6118.0,5984.0,6027.5,28.0742,627,24.88
2025-06-13,5986.5,6022.5,5900.5,6005.5,25.8529,725,13.14
2025-06-16,5993.0,6054.5,5961.0,6034.0,28.6679,598,28.52
2025-06-17,5943.5,6102.5,5943.5,6049.0,28.3054,619,26.1
2025-06-18,6018.5,6104.5,6007.5,6043.0,27.7013,648,22.74
2025-06-19,6041.0,6081.0,5848.0,5877.0,28.5571,604,28.06
2025-06-20,5850.5,5987.5,5850.5,5961.5,25.163,757,9.86
2025-06-23,5899.0,5965.0,5882.0,5924.0,32.2171,451,46.38
2025-06-24,5950.5,6064.0,5940.0,6002.5,22.2814,824,2.13
2025-06-25,5997.5,6059.5,5938.5,5973.0,27.7095,649,23.02
2025-06-26,5969.5,6030.0,5945.0,6011.5,26.7208,694,17.73
